"Year","Company","Brand","FloorPlan","Msrp","Discount","Stock-Number","Unit Type","Location","Dealer","Date"
"2025","Coachmen RV","N/A","24DSE","195763","144997","CPC2501","ClassC Diesel","Katy TX","HWH RV","2024-10-21"
"2025","Coachmen RV","N/A","24DSE","195038","144997","CPC2502","ClassC Diesel","Katy TX","HWH RV","2024-10-21"
"2025","Coachmen RV","N/A","24FSE","191963","144997","CPC2504","ClassC Diesel","Katy TX","HWH RV","2024-10-21"
"2025","Coachmen RV","N/A","24MBE","196415","144997","CPC2503","ClassC Diesel","Katy TX","HWH RV","2024-10-21"
"2025","Dynamax","Isata 3","24FW","206291","149995","DIC2503","ClassC Diesel","Willis TX","HWH RV","2024-10-21"
"2025","Dynamax","Isata 3","24FW","206509","149995","DIC2504","ClassC Diesel","Willis TX","HWH RV","2024-10-21"
"2024","Thor Motor Coach","Delano Sprinter","24XL","233474","149995","TDC2407","ClassC Diesel","League City TX","HWH RV","2024-10-21"
"2024","Renegade","N/A","25RML","209085","169995","RVC2405","ClassC Diesel","Katy TX","HWH RV","2024-10-21"
"2025","Dynamax","Isata 3","24FW","204582","N/A","DIC2507","ClassC Diesel","Katy TX","HWH RV","2024-10-21"
"2025","Renegade","N/A","25FWC","209155","N/A","RVC2501","ClassC Diesel","Katy TX","HWH RV","2024-10-21"
"2025","Renegade","N/A","25DLC","211465","N/A","RVC2503","ClassC Diesel","Katy TX","HWH RV","2024-10-21"
"2025","Renegade","N/A","25RMC","225017","N/A","RVC2502","ClassC Diesel","Katy TX","HWH RV","2024-10-21"
"2025","Dynamax","Isata 3","24SSSFXM","230918","N/A","DIC2506","ClassC Diesel","Katy TX","HWH RV","2024-10-21"
"2024","Thor Motor Coach","Compass","23TW","169303","109995","TCB2407","ClassB Gas+","League City TX","HWH RV","2024-10-21"
"2025","Grand Design","Momentum","395MS","157509","N/A","GMF2507","ToyHauler","Willis TX","HWH RV","2024-10-21"
"2025","Grand Design","Momentum","395MS","159272","N/A","GMF2503","ToyHauler","Katy TX","HWH RV","2024-10-21"
"2025","Grand Design","Momentum","395MS","159272","N/A","GMF2508","ToyHauler","League City TX","HWH RV","2024-10-21"
"2025","Grand Design","Momentum","397THS","164016","N/A","GMF2505","ToyHauler","Las Cruces NM","HWH RV","2024-10-21"
"2025","Grand Design","Momentum","395MS","176486","N/A","GMF2511","ToyHauler","Katy TX","HWH RV","2024-10-21"
"2024","Renegade","Veracruz","30VRM","269692","229995","RVCC2402","ClassC Super Diesel","Alvarado TX","HWH RV","2024-10-21"
"2024","Renegade","Veracruz","30VRM","268719","229995","RVCC2405","ClassC Super Diesel","Alvarado TX","HWH RV","2024-10-21"
"2024","Renegade","Valencia","36SB","333524","279995","RVAC2403","ClassC Super Diesel","Alvarado TX","HWH RV","2024-10-21"
"2024","Renegade","Valencia","36SB","333699","279995","RVAC2404","ClassC Super Diesel","Alvarado TX","HWH RV","2024-10-21"
"2024","Renegade","Valencia","38RB","338571","289995","RVAC2401","ClassC Super Diesel","Alvarado TX","HWH RV","2024-10-21"
"2024","Renegade","Valencia","38RB","339061","289995","RVAC2407","ClassC Super Diesel","Katy TX","HWH RV","2024-10-21"
"2025","Renegade","Valencia","38BB","348847","N/A","RVAC2502","ClassC Super Diesel","Katy TX","HWH RV","2024-10-21"
"2024","Renegade","Verona","40VRB","417447","349995","RVEC2406","ClassC Super Diesel","Katy TX","HWH RV","2024-10-21"
"2024","Renegade","Verona","40VRB","417447","349995","RVEC2411","ClassC Super Diesel","Katy TX","HWH RV","2024-10-21"
"2024","Newmar","Super Star","4059","541120","405840","NSSC2401","ClassC Super Diesel","Katy TX","HWH RV","2024-10-21"
"2025","Newmar","Super Star","3731","541793","N/A","NSSC2504","ClassC Super Diesel","Alvarado TX","HWH RV","2024-10-21"
"2025","Newmar","Super Star","4059","560116","N/A","NSSC2503","ClassC Super Diesel","Alvarado TX","HWH RV","2024-10-21"
"2024","Renegade","N/A","X43DB","757144","619995","RXC2403","ClassC Super Diesel","Katy TX","HWH RV","2024-10-21"
"2025","Newmar","Supreme Aire","4530","805007","N/A","NSAC2504","ClassC Super Diesel","Alvarado TX","HWH RV","2024-10-21"
"2025","Renegade","N/A","40ERB","N/A","N/A","REC2503","ClassC Super Diesel","Alvarado TX","HWH RV","2024-10-21"
"2025","Renegade","N/A","X45BBC","N/A","N/A","RXC2503","ClassC Super Diesel","Alvarado TX","HWH RV","2024-10-21"
"2024","Renegade","Verona","40LRB","N/A","N/A","RVLC2503","ClassC Super Diesel","Alvarado TX","HWH RV","2024-10-21"
"2025","Keystone RV","N/A","431","149167","112995","KRF2506","ToyHauler","Mesquite TX","HWH RV","2024-10-21"
"2024","Grand Design","Momentum","397THS","169701","129995","GMF2427","ToyHauler","League City TX","HWH RV","2024-10-21"
"2024","Grand Design","Momentum","414M","164663","129995","GMF2423","ToyHauler","League City TX","HWH RV","2024-10-21"
"2024","Grand Design","Momentum","414M","164536","129995","GMF2425","ToyHauler","Willis TX","HWH RV","2024-10-21"
"2024","Grand Design","Momentum","414M","164663","129995","GMF2426","ToyHauler","Katy TX","HWH RV","2024-10-21"
"2024","Grand Design","Momentum","399TH","176622","132995","GMF2430","ToyHauler","Katy TX","HWH RV","2024-10-21"
"2024","Grand Design","Momentum","414M","162876","132995","GMF2429","ToyHauler","Las Cruces NM","HWH RV","2024-10-21"
"2025","Grand Design","Momentum","344M","148428","N/A","GMF2506","ToyHauler","Las Cruces NM","HWH RV","2024-10-21"
"2025","Grand Design","Momentum","344M","149449","N/A","GMF2509","ToyHauler","League City TX","HWH RV","2024-10-21"
"2025","Grand Design","Momentum","344M","151914","N/A","GMF2501","ToyHauler","Willis TX","HWH RV","2024-10-21"
"2025","Grand Design","Momentum","344M","152041","N/A","GMF2502","ToyHauler","Katy TX","HWH RV","2024-10-21"
"2025","Grand Design","Momentum","381MS","153969","N/A","GMF2510","ToyHauler","Katy TX","HWH RV","2024-10-21"
"2024","Grand Design","Momentum","22MAV","44524","33599","GMT2417","ToyHauler","League City TX","HWH RV","2024-10-21"
"2025","Grand Design","Momentum","22MAV","42507","N/A","GMT2501","ToyHauler","Katy TX","HWH RV","2024-10-21"
"2025","Grand Design","Momentum","22MAV","43069","N/A","GMT2503","ToyHauler","Las Cruces NM","HWH RV","2024-10-21"
"2025","Grand Design","Momentum","27MAV","46453","N/A","GMT2505","ToyHauler","Willis TX","HWH RV","2024-10-21"
"2024","Grand Design","Momentum","29G","86152","69997","GMT2421","ToyHauler","Las Cruces NM","HWH RV","2024-10-21"
"2024","Grand Design","Momentum","29G","86152","69997","GMT2422","ToyHauler","Las Cruces NM","HWH RV","2024-10-21"
"2025","Grand Design","Momentum","27G","80627","N/A","GMT2506","ToyHauler","Willis TX","HWH RV","2024-10-21"
"2025","Grand Design","Momentum","27G","80746","N/A","GMT2507","ToyHauler","Katy TX","HWH RV","2024-10-21"
"2025","Grand Design","Momentum","25G","83420","N/A","GMT2509","ToyHauler","Willis TX","HWH RV","2024-10-21"
"2025","Grand Design","Momentum","25G","83538","N/A","GMT2504","ToyHauler","League City TX","HWH RV","2024-10-21"
"2025","Grand Design","Momentum","31G","89326","N/A","GMT2508","ToyHauler","Katy TX","HWH RV","2024-10-21"
"2023","Grand Design","Momentum","315G","122804","72997","GMF2339","ToyHauler","Willis TX","HWH RV","2024-10-21"
"2024","Grand Design","Momentum","350G","122070","89995","GMF2407","ToyHauler","Las Cruces NM","HWH RV","2024-10-21"
"2024","Grand Design","Momentum","350G","125243","89995","GMF2424","ToyHauler","League City TX","HWH RV","2024-10-21"
"2024","Grand Design","Momentum","415G","129365","99995","GMF2410","ToyHauler","Katy TX","HWH RV","2024-10-21"
"2024","Grand Design","Momentum","415G","129365","99995","GMF2411","ToyHauler","League City TX","HWH RV","2024-10-21"
"2024","Grand Design","Momentum","415G","129238","99995","GMF2418","ToyHauler","Willis TX","HWH RV","2024-10-21"
"2024","Keystone RV","Fuzion","373","156721","104995","KFF2409","ToyHauler","Alvarado TX","HWH RV","2024-10-21"
"2024","Grand Design","Momentum","349M","145387","109995","GMF2409","ToyHauler","Katy TX","HWH RV","2024-10-21"
"2025","Keystone RV","N/A","415","146862","109995","KRF2503","ToyHauler","Katy TX","HWH RV","2024-10-21"
"2025","Keystone RV","N/A","415","146376","109995","KRF2505","ToyHauler","Mesquite TX","HWH RV","2024-10-21"
"2024","Grand Design","Momentum","351MS","150574","112995","GMF2413","ToyHauler","League City TX","HWH RV","2024-10-21"
"2025","Keystone RV","N/A","431","149291","112995","KRF2502","ToyHauler","Alvarado TX","HWH RV","2024-10-21"
"2025","Keystone RV","N/A","431","149653","112995","KRF2504","ToyHauler","Katy TX","HWH RV","2024-10-21"
"2024","Coachmen RV","Pursuit","29XPS","168574","99997","CPUA2401","ClassA Gas","Katy TX","HWH RV","2024-10-21"
"2024","Coachmen RV","Pursuit","29XPS","168499","107997","CPUA2402","ClassA Gas","Willis TX","HWH RV","2024-10-21"
"2024","Fleetwood RV","Flair","29M","179003","124997","FFA2405","ClassA Gas","Las Cruces NM","HWH RV","2024-10-21"
"2024","Coachmen RV","Mirada","29FW","209887","134997","CMA2402","ClassA Gas","Willis TX","HWH RV","2024-10-21"
"2024","Coachmen RV","Mirada","35ES","248552","139997","CMA2406","ClassA Gas","Katy TX","HWH RV","2024-10-21"
"2024","Coachmen RV","Mirada","35ES","249377","139997","CMA2409","ClassA Gas","Willis TX","HWH RV","2024-10-21"
"2024","Coachmen RV","Mirada","35ES","249459","139997","CMA2411","ClassA Gas","League City TX","HWH RV","2024-10-21"
"2024","Coachmen RV","Mirada","32LS","227404","144997","CMA2403","ClassA Gas","Katy TX","HWH RV","2024-10-21"
"2024","Coachmen RV","Mirada","32LS","227329","144997","CMA2404","ClassA Gas","Willis TX","HWH RV","2024-10-21"
"2024","Fleetwood RV","Fortis","32RW","241610","154997","FFOA2402","ClassA Gas","Willis TX","HWH RV","2024-10-21"
"2024","Newmar","Bay Star","3225","235745","177997","NBA2402","ClassA Gas","Katy TX","HWH RV","2024-10-21"
"2024","Fleetwood RV","Bounder","35GL","285037","179997","FBA2401","ClassA Gas","Katy TX","HWH RV","2024-10-21"
"2024","Thor Motor Coach","Scope","18G","128719","92995","TSCB2402","ClassB Gas","Alvarado TX","HWH RV","2024-10-21"
"2024","Thor Motor Coach","Scope","18M","130119","93995","TSCB2404","ClassB Gas","League City TX","HWH RV","2024-10-21"
"2024","Thor Motor Coach","Scope","18M","130119","93995","TSCB2405","ClassB Gas","Alvarado TX","HWH RV","2024-10-21"
"2024","Thor Motor Coach","Scope","18M","130119","93995","TSCB2408","ClassB Gas","Mesquite TX","HWH RV","2024-10-21"
"2024","Thor Motor Coach","Sequence","20L","144196","102995","TSB2421","ClassB Gas","Mesquite TX","HWH RV","2024-10-21"
"2024","Thor Motor Coach","Sequence","20K","145596","104995","TSB2418","ClassB Gas","Katy TX","HWH RV","2024-10-21"
"2024","Thor Motor Coach","Sequence","20J","150356","109995","TSB2411","ClassB Gas","Willis TX","HWH RV","2024-10-21"
"2025","Grech RV","Grech","AWD","278400","249900","GTEB2501","ClassB Gas","Katy TX","HWH RV","2024-10-21"
"2024","Fleetwood RV","N/A","34GT","411152","249995","FFRA2401","ClassA Diesel","Katy TX","HWH RV","2024-10-21"
"2024","Fleetwood RV","Discovery","38W","485514","309997","FDA2404","ClassA Diesel","Katy TX","HWH RV","2024-10-21"
"2024","Fleetwood RV","Discovery","44S","640583","399997","FDA2402","ClassA Diesel","Katy TX","HWH RV","2024-10-21"
"2024","Newmar","Ventana","4369","563290","422467","NVA2401","ClassA Diesel","Katy TX","HWH RV","2024-10-21"
"2024","Newmar","Ventana","4037","568065","426048","NVA2402","ClassA Diesel","Katy TX","HWH RV","2024-10-21"
"2023","Newmar","Dutch Star","4370","709357","479991","NDA2305","ClassA Diesel","Katy TX","HWH RV","2024-10-21"
"2024","Newmar","Dutch Star","3836","663334","497500","NDA2402","ClassA Diesel","Katy TX","HWH RV","2024-10-21"
"2024","Newmar","Dutch Star","4369","720420","540315","NDA2403","ClassA Diesel","Katy TX","HWH RV","2024-10-21"
"2024","Newmar","Dutch Star","4369","721860","541395","NDA2401","ClassA Diesel","Katy TX","HWH RV","2024-10-21"
"2025","Newmar","Ventana","4369","598712","N/A","NVA2501","ClassA Diesel","Katy TX","HWH RV","2024-10-21"
"2025","Newmar","N/A","4551","893122","N/A","NMA2502","ClassA Diesel","Katy TX","HWH RV","2024-10-21"
"2025","Unknown","N/A","17BHC","22993","13995","DCT2501","Travel Trailer","Alvarado TX","HWH RV","2024-10-21"
"2025","Unknown","N/A","17BHC","23090","13995","DCT2502","Travel Trailer","Alvarado TX","HWH RV","2024-10-21"
"2025","Unknown","N/A","17BHC","23085","13995","DCT2503","Travel Trailer","Alvarado TX","HWH RV","2024-10-21"
"2025","Keystone RV","Hideout","175BH","27129","14997","KHT2565","Travel Trailer","League City TX","HWH RV","2024-10-21"
"2025","Keystone RV","Hideout","175BH","27129","14997","KHT2566","Travel Trailer","League City TX","HWH RV","2024-10-21"
"2025","Keystone RV","Hideout","175BH","27129","14997","KHT2567","Travel Trailer","League City TX","HWH RV","2024-10-21"
"2025","Keystone RV","Hideout","175BH","27139","14997","KHT2562","Travel Trailer","Willis TX","HWH RV","2024-10-21"
"2025","Keystone RV","Hideout","175BH","27137","14997","KHT2563","Travel Trailer","Willis TX","HWH RV","2024-10-21"
"2025","Keystone RV","Hideout","175BH","27138","14997","KHT2564","Travel Trailer","Willis TX","HWH RV","2024-10-21"
"2025","Keystone RV","Hideout","175BH","N/A","14997","KHT2546","Travel Trailer","League City TX","HWH RV","2024-10-21"
"2025","Keystone RV","Hideout","175BH","N/A","14997","KHT2547","Travel Trailer","League City TX","HWH RV","2024-10-21"
"2025","Keystone RV","Hideout","175BH","28218","14997","KHT2572","Travel Trailer","Katy TX","HWH RV","2024-10-21"
"2024","Forest River RV","Sunseeker","Chevy","104520","77997","SC2417","ClassC Gas","Alvarado TX","HWH RV","2024-10-21"
"2024","Gulf Stream RV","Conquest Class C","6237","120145","77997","GSCC2412","ClassC Gas","League City TX","HWH RV","2024-10-21"
"2024","Gulf Stream RV","Conquest Class C","6237","119838","77997","GSCC2414","ClassC Gas","Mesquite TX","HWH RV","2024-10-21"
"2024","Gulf Stream RV","Conquest Class C","6237LE","119877","77997","GSCC2418","ClassC Gas","Alvarado TX","HWH RV","2024-10-21"
"2024","Gulf Stream RV","Conquest Class C","6280LE","131336","89997","GSCC2417","ClassC Gas","Katy TX","HWH RV","2024-10-21"
"2024","Thor Motor Coach","Quantum","LC25","152744","89997","TQC2405","ClassC Gas","Katy TX","HWH RV","2024-10-21"
"2024","Thor Motor Coach","Quantum","LC25","152744","94991","TQC2418","ClassC Gas","Willis TX","HWH RV","2024-10-21"
"2024","Gulf Stream RV","Conquest Class C","6238","132364","94995","GSCC2405","ClassC Gas","Mesquite TX","HWH RV","2024-10-21"
"2024","Gulf Stream RV","Conquest Class C","6280LE","136182","94995","GSCC2407","ClassC Gas","Mesquite TX","HWH RV","2024-10-21"
"2024","Gulf Stream RV","Conquest Class C","6250","148213","104995","GSCC2416","ClassC Gas","Alvarado TX","HWH RV","2024-10-21"
"2025","Forest River RV","Sunseeker","3250SLE","148902","107995","SC2503","ClassC Gas","Mesquite TX","HWH RV","2024-10-21"
"2025","Gulf Stream RV","N/A","6320","154943","107995","GSCC2508","ClassC Gas","Katy TX","HWH RV","2024-10-21"
"2025","Grand Design","Reflection","22RK","54997","39995","GRF2453","Fifth Wheel","League City TX","HWH RV","2024-10-21"
"2024","Keystone RV","Cougar","2100RK","53433","39997","KCF2458","Fifth Wheel","Alvarado TX","HWH RV","2024-10-21"
"2024","Grand Design","Reflection","22RK","54997","41995","GRF2454","Fifth Wheel","Katy TX","HWH RV","2024-10-21"
"2025","Keystone RV","Cougar","2700BH","55702","44995","KCF2507","Fifth Wheel","Willis TX","HWH RV","2024-10-21"
"2024","Grand Design","Reflection","28RL","62263","49599","GRF2444","Fifth Wheel","Katy TX","HWH RV","2024-10-21"
"2024","Grand Design","Reflection","28RL","62263","49599","GRF2458","Fifth Wheel","League City TX","HWH RV","2024-10-21"
"2024","Keystone RV","Cougar","23MLE","68383","49995","KCF2443","Fifth Wheel","Mesquite TX","HWH RV","2024-10-21"
"2024","Keystone RV","Cougar","23MLE","68789","49995","KCF2472","Fifth Wheel","Alvarado TX","HWH RV","2024-10-21"
"2024","Keystone RV","Cougar","24RDS","67422","49995","KCF2412","Fifth Wheel","Katy TX","HWH RV","2024-10-21"
"2024","Keystone RV","Cougar","24RDS","67754","49995","KCF2421","Fifth Wheel","Alvarado TX","HWH RV","2024-10-21"
"2024","Keystone RV","Cougar","24RDS","67703","49995","KCF2473","Fifth Wheel","Willis TX","HWH RV","2024-10-21"
"2024","Keystone RV","Cougar","29RLISE","71993","49995","KCF2444","Fifth Wheel","Mesquite TX","HWH RV","2024-10-21"
"2025","Renegade","Classic","45CBF","710804","N/A","RCC2502","ClassC Gas","Alvarado TX","HWH RV","2024-10-21"
"2025","Renegade","Veracruz","32VDS","N/A","N/A","RVCC2502","ClassC Gas","Alvarado TX","HWH RV","2024-10-21"
"2025","Renegade","Verona","40VTS","N/A","N/A","RVEC2506","ClassC Gas","Alvarado TX","HWH RV","2024-10-21"
"2024","Newmar","Bay Star","3225","266228","209997","NBA2406","ClassA Gas","Willis TX","HWH RV","2024-10-21"
"2024","Newmar","Bay Star","3629","288665","216997","NBA2401","ClassA Gas","Katy TX","HWH RV","2024-10-21"
"2024","Renegade","Veracruz","30VRM","268894","229995","RVCC2404","ClassC Gas","Mesquite TX","HWH RV","2024-10-21"
"2025","Dynamax","N/A","28SS","312583","239995","DIC2505","ClassC Gas","Katy TX","HWH RV","2024-10-21"
"2025","Dynamax","Isata 3","34DS","314577","244995","DIC2501","ClassC Gas","Katy TX","HWH RV","2024-10-21"
"2024","Renegade","Verona","40VBH","412190","339995","RVEC2408","ClassC Gas","Mesquite TX","HWH RV","2024-10-21"
"2025","Renegade","Valencia","38BB","342981","N/A","RVAC2501","ClassC Gas","Alvarado TX","HWH RV","2024-10-21"
"2026","Newmar","N/A","3444","378413","N/A","NGSC2604","ClassC Gas","Alvarado TX","HWH RV","2024-10-21"
"2025","Renegade","Verona","40VBH","416572","N/A","RVEC2502","ClassC Gas","Katy TX","HWH RV","2024-10-21"
"2025","Renegade","Verona","40VBH","426428","N/A","RVEC2503","ClassC Gas","Alvarado TX","HWH RV","2024-10-21"
"2026","Newmar","N/A","3948","449172","N/A","NGSC2601","ClassC Gas","Alvarado TX","HWH RV","2024-10-21"
"2025","Renegade","Verona","40LRB","510310","N/A","RVLC2501","ClassC Gas","Alvarado TX","HWH RV","2024-10-21"
"2025","Newmar","Super Star","4059","560243","N/A","NSSC2502","ClassC Gas","Katy TX","HWH RV","2024-10-21"
"2025","Renegade","Classic","45CBF","710573","N/A","RCC2501","ClassC Gas","Alvarado TX","HWH RV","2024-10-21"
"2024","Thor Motor Coach","Quantum","WS31","183134","117995","TQC2401","ClassC Gas","Katy TX","HWH RV","2024-10-21"
"2024","Thor Motor Coach","Quantum","WS31","183809","119995","TQC2409","ClassC Gas","Willis TX","HWH RV","2024-10-21"
"2025","Forest River RV","Sunseeker","3010DS","160977","121995","SC2507","ClassC Gas","Alvarado TX","HWH RV","2024-10-21"
"2024","Forest River RV","Sunseeker","2400TS","178245","129995","SC2425","ClassC Gas","Mesquite TX","HWH RV","2024-10-21"
"2025","Forest River RV","Sunseeker","2850SLE","134759","N/A","SC2504","ClassC Gas","Alvarado TX","HWH RV","2024-10-21"
"2025","Forest River RV","Sunseeker","2400BD","190497","134995","SC2509","ClassC Gas","Mesquite TX","HWH RV","2024-10-21"
"2025","Forest River RV","Sunseeker","2400BD","190787","134995","SC2510","ClassC Gas","Alvarado TX","HWH RV","2024-10-21"
"2025","Forest River RV","Sunseeker","2850SLE","143950","N/A","SC2502","ClassC Gas","Mesquite TX","HWH RV","2024-10-21"
"2025","Forest River RV","Sunseeker","Ford","150209","N/A","SC2512","ClassC Gas","Alvarado TX","HWH RV","2024-10-21"
"2025","Forest River RV","Sunseeker","2400TS","214344","154995","SC2511","ClassC Gas","Alvarado TX","HWH RV","2024-10-21"
"2025","Forest River RV","Sunseeker","S","159538","N/A","SC2501","ClassC Gas","Mesquite TX","HWH RV","2024-10-21"
"2025","Forest River RV","Sunseeker","S","171038","N/A","SC2506","ClassC Gas","Alvarado TX","HWH RV","2024-10-21"
"2025","Grand Design","Solitude","390RK","158909","N/A","GSF2508","Fifth Wheel","Katy TX","HWH RV","2024-10-21"
"2025","Keystone RV","Montana","3901RK","163381","N/A","MF2507","Fifth Wheel","Katy TX","HWH RV","2024-10-21"
"2025","Keystone RV","Montana","3915TB","181025","N/A","MF2528","Fifth Wheel","Alvarado TX","HWH RV","2024-10-21"
"2025","Keystone RV","Cougar","316RLS","N/A","N/A","KCF2513","Fifth Wheel","Alvarado TX","HWH RV","2024-10-21"
"2025","Keystone RV","Cougar","360MBI","N/A","N/A","KCF2523","Fifth Wheel","Katy TX","HWH RV","2024-10-21"
"2025","Grand Design","Reflection","298BH","74706","N/A","GRF2531","Fifth Wheel","Willis TX","HWH RV","2024-10-21"
"2025","Keystone RV","Cougar","29RLI","77520","N/A","KCF2519","Fifth Wheel","Willis TX","HWH RV","2024-10-21"
"2025","Keystone RV","Cougar","316RLS","90482","N/A","KCF2520","Fifth Wheel","Willis TX","HWH RV","2024-10-21"
"2024","Grand Design","Solitude","391DL","146308","112995","GSF2420","Fifth Wheel","Willis TX","HWH RV","2024-10-21"
"2025","Grand Design","Solitude","3804DS","119300","N/A","GSF2517","Fifth Wheel","Willis TX","HWH RV","2024-10-21"
"2025","Gulf Stream RV","Conquest Class C","6320","154924","107995","GSCC2509","ClassC Gas","League City TX","HWH RV","2024-10-21"
"2025","Gulf Stream RV","N/A","63111","152914","109995","GSCC2513","ClassC Gas","Alvarado TX","HWH RV","2024-10-21"
"2025","Gulf Stream RV","N/A","6314","154798","109995","GSCC2506","ClassC Gas","Alvarado TX","HWH RV","2024-10-21"
"2025","Gulf Stream RV","N/A","6314","154798","109995","GSCC2507","ClassC Gas","Alvarado TX","HWH RV","2024-10-21"
"2025","Gulf Stream RV","Conquest Class C","63111","153182","109995","GSCC2512","ClassC Gas","League City TX","HWH RV","2024-10-21"
"2025","Gulf Stream RV","Conquest Class C","63111","153084","109995","GSCC2514","ClassC Gas","Willis TX","HWH RV","2024-10-21"
"2025","Gulf Stream RV","Conquest Class C","6314","154566","109995","GSCC2504","ClassC Gas","League City TX","HWH RV","2024-10-21"
"2024","Gulf Stream RV","Conquest Class C","6314","155085","109995","GSCC2503","ClassC Gas","Katy TX","HWH RV","2024-10-21"
"2025","Forest River RV","Sunseeker","2380AF","156951","112995","SC2508","ClassC Gas","Alvarado TX","HWH RV","2024-10-21"
"2024","Thor Motor Coach","Quantum","PQ31","181634","114997","TQC2408","ClassC Gas","Katy TX","HWH RV","2024-10-21"
"2024","Forest River RV","Sunseeker","3010DS","152665","117995","SC2405","ClassC Gas","Mesquite TX","HWH RV","2024-10-21"
"2024","Thor Motor Coach","Quantum","PQ31","180922","117995","TQC2406","ClassC Gas","League City TX","HWH RV","2024-10-21"
"2025","Keystone RV","Montana","3531RE","130961","N/A","MF2512","Fifth Wheel","Katy TX","HWH RV","2024-10-21"
"2025","Keystone RV","Montana","3781RL","139270","N/A","MF2513","Fifth Wheel","Mesquite TX","HWH RV","2024-10-21"
"2025","Keystone RV","Montana","3781RL","140580","N/A","MF2522","Fifth Wheel","Alvarado TX","HWH RV","2024-10-21"
"2025","Keystone RV","Montana","3781RL","140822","N/A","MF2526","Fifth Wheel","Willis TX","HWH RV","2024-10-21"
"2025","Keystone RV","Montana","3901RK","142626","N/A","MF2511","Fifth Wheel","Katy TX","HWH RV","2024-10-21"
"2025","Grand Design","Solitude","376RD","143940","N/A","GSF2507","Fifth Wheel","Katy TX","HWH RV","2024-10-21"
"2025","Keystone RV","Montana","3941FO","144651","N/A","MF2520","Fifth Wheel","Alvarado TX","HWH RV","2024-10-21"
"2025","Keystone RV","Montana","3941FO","145006","N/A","MF2509","Fifth Wheel","Katy TX","HWH RV","2024-10-21"
"2025","Grand Design","Solitude","390RK","145824","N/A","GSF2509","Fifth Wheel","Willis TX","HWH RV","2024-10-21"
"2025","Keystone RV","Montana","3915TB","146620","N/A","MF2514","Fifth Wheel","Katy TX","HWH RV","2024-10-21"
"2025","Keystone RV","Montana","3915TB","146744","N/A","MF2519","Fifth Wheel","Alvarado TX","HWH RV","2024-10-21"
"2025","Grand Design","Solitude","382WB","149381","N/A","GSF2510","Fifth Wheel","Las Cruces NM","HWH RV","2024-10-21"
"2025","Grand Design","Reflection","362TBS","94657","N/A","GRF2524","Fifth Wheel","Katy TX","HWH RV","2024-10-21"
"2025","Grand Design","Reflection","311BHS","94808","N/A","GRF2501","Fifth Wheel","Willis TX","HWH RV","2024-10-21"
"2024","Grand Design","Solitude","310GK","126112","94995","GSF2414","Fifth Wheel","Katy TX","HWH RV","2024-10-21"
"2024","Grand Design","Solitude","310GK","125773","94995","GSF2431","Fifth Wheel","Las Cruces NM","HWH RV","2024-10-21"
"2024","Grand Design","Solitude","310GK","123722","94995","GSF2463","Fifth Wheel","League City TX","HWH RV","2024-10-21"
"2024","Grand Design","Solitude","310GK","124964","94995","GSF2464","Fifth Wheel","Willis TX","HWH RV","2024-10-21"
"2024","Grand Design","Solitude","310GK","125091","94995","GSF2466","Fifth Wheel","League City TX","HWH RV","2024-10-21"
"2024","Grand Design","Solitude","310GK","124964","94995","GSF2470","Fifth Wheel","Willis TX","HWH RV","2024-10-21"
"2024","Keystone RV","Alpine","3910RK","136908","94995","KALF2419","Fifth Wheel","Alvarado TX","HWH RV","2024-10-21"
"2025","Keystone RV","Montana","3123RL","129391","94995","MF2510","Fifth Wheel","Katy TX","HWH RV","2024-10-21"
"2025","Keystone RV","Montana","3123RL","129332","94995","MF2527","Fifth Wheel","Willis TX","HWH RV","2024-10-21"
"2025","Grand Design","Reflection","311BHS","95550","N/A","GRF2502","Fifth Wheel","Las Cruces NM","HWH RV","2024-10-21"
"2025","Keystone RV","Avalanche","390DS","117978","89995","KAVF2505","Fifth Wheel","Alvarado TX","HWH RV","2024-10-21"
"2025","Keystone RV","Avalanche","390DS","117854","89995","KAVF2506","Fifth Wheel","Mesquite TX","HWH RV","2024-10-21"
"2024","Keystone RV","Montana","3231CK","127375","89995","MF2462","Fifth Wheel","Mesquite TX","HWH RV","2024-10-21"
"2024","Keystone RV","Montana","3231CK","127802","89995","MF2479","Fifth Wheel","Willis TX","HWH RV","2024-10-21"
"2024","Keystone RV","Montana","381TB","117033","89995","MF2487","Fifth Wheel","Mesquite TX","HWH RV","2024-10-21"
"2024","Keystone RV","Montana","381TB","117460","89995","MF2491","Fifth Wheel","Willis TX","HWH RV","2024-10-21"
"2024","Keystone RV","Montana","389BH","117757","89995","MF2465","Fifth Wheel","Alvarado TX","HWH RV","2024-10-21"
"2025","Keystone RV","Cougar","316RLS","90355","N/A","KCF2516","Fifth Wheel","Katy TX","HWH RV","2024-10-21"
"2025","Keystone RV","Cougar","320RDS","91440","N/A","KCF2511","Fifth Wheel","Mesquite TX","HWH RV","2024-10-21"
"2025","Grand Design","Reflection","320MKS","91821","N/A","GRF2530","Fifth Wheel","Katy TX","HWH RV","2024-10-21"
"2025","Keystone RV","Montana","381TB","114877","92995","MF2517","Fifth Wheel","Alvarado TX","HWH RV","2024-10-21"
"2025","Grand Design","Reflection","362TBS","94657","N/A","GRF2511","Fifth Wheel","League City TX","HWH RV","2024-10-21"
"2024","Grand Design","Influence","3804DS","112659","N/A","GSF2476","Fifth Wheel","Katy TX","HWH RV","2024-10-21"
"2024","Grand Design","Solitude","380FL","146254","112995","GSF2469","Fifth Wheel","Willis TX","HWH RV","2024-10-21"
"2024","Grand Design","Solitude","382WB","147289","112995","GSF2468","Fifth Wheel","League City TX","HWH RV","2024-10-21"
"2024","Grand Design","Solitude","390RK","144841","112995","GSF2475","Fifth Wheel","Katy TX","HWH RV","2024-10-21"
"2024","Grand Design","Solitude","391DL","146435","112995","GSF2415","Fifth Wheel","Katy TX","HWH RV","2024-10-21"
"2024","Grand Design","Solitude","391DL","146435","112995","GSF2417","Fifth Wheel","Katy TX","HWH RV","2024-10-21"
"2024","Grand Design","Solitude","391DL","146435","112995","GSF2428","Fifth Wheel","League City TX","HWH RV","2024-10-21"
"2024","Grand Design","Solitude","390RK","155780","114995","GSF2473","Fifth Wheel","Las Cruces NM","HWH RV","2024-10-21"
"2024","Grand Design","Solitude","390RK","158687","119995","GSF2434","Fifth Wheel","Willis TX","HWH RV","2024-10-21"
"2025","Keystone RV","Montana","3123RL","129029","N/A","MF2521","Fifth Wheel","Alvarado TX","HWH RV","2024-10-21"
"2025","Keystone RV","Montana","3531RE","130244","N/A","MF2523","Fifth Wheel","Alvarado TX","HWH RV","2024-10-21"
"2025","Keystone RV","Montana","3531RE","130480","N/A","MF2515","Fifth Wheel","Mesquite TX","HWH RV","2024-10-21"
"2025","Keystone RV","Alpine","3303CK","139390","99995","KALF2504","Fifth Wheel","Mesquite TX","HWH RV","2024-10-21"
"2025","Keystone RV","Alpine","3712KB","141537","99995","KALF2501","Fifth Wheel","Alvarado TX","HWH RV","2024-10-21"
"2024","Keystone RV","Montana","3761FL","140147","99995","MF2433","Fifth Wheel","Willis TX","HWH RV","2024-10-21"
"2024","Keystone RV","Montana","3761FL","139045","99995","MF2463","Fifth Wheel","Mesquite TX","HWH RV","2024-10-21"
"2024","Keystone RV","Montana","3761FL","139531","99995","MF2485","Fifth Wheel","Katy TX","HWH RV","2024-10-21"
"2024","Keystone RV","Montana","3795FK","138181","99995","MF2457","Fifth Wheel","Katy TX","HWH RV","2024-10-21"
"2024","Keystone RV","Montana","3901RK","137695","99995","MF2444","Fifth Wheel","Mesquite TX","HWH RV","2024-10-21"
"2025","Grand Design","Influence","2903RL","100497","N/A","GSF2504","Fifth Wheel","Willis TX","HWH RV","2024-10-21"
"2025","Grand Design","Influence","3503GK","102140","N/A","GSF2503","Fifth Wheel","Willis TX","HWH RV","2024-10-21"
"2025","Grand Design","Influence","3503GK","102267","N/A","GSF2502","Fifth Wheel","League City TX","HWH RV","2024-10-21"
"2025","Keystone RV","Montana","331RL","102895","N/A","MF2524","Fifth Wheel","Willis TX","HWH RV","2024-10-21"
"2024","Grand Design","Solitude","417KB","134543","102995","GSF2461","Fifth Wheel","Las Cruces NM","HWH RV","2024-10-21"
"2025","Grand Design","Reflection","360FLS","103508","N/A","GRF2516","Fifth Wheel","Katy TX","HWH RV","2024-10-21"
"2024","Grand Design","Solitude","378MBS","134471","103995","GSF2467","Fifth Wheel","League City TX","HWH RV","2024-10-21"
"2024","Grand Design","Solitude","378MBS","134471","103995","GSF2472","Fifth Wheel","Katy TX","HWH RV","2024-10-21"
"2025","Grand Design","Influence","3503GK","104107","N/A","GSF2506","Fifth Wheel","Katy TX","HWH RV","2024-10-21"
"2024","Grand Design","Solitude","376RD","143267","109995","GSF2416","Fifth Wheel","Willis TX","HWH RV","2024-10-21"
"2024","Grand Design","Solitude","382WB","147356","109995","GSF2426","Fifth Wheel","Katy TX","HWH RV","2024-10-21"
"2024","Grand Design","Solitude","390RK","145862","109995","GSF2413","Fifth Wheel","League City TX","HWH RV","2024-10-21"
"2024","Grand Design","Solitude","391DL","149201","109997","GSF2406","Fifth Wheel","Katy TX","HWH RV","2024-10-21"
"2025","Grand Design","Influence","3704BH","111587","N/A","GSF2505","Fifth Wheel","Willis TX","HWH RV","2024-10-21"
"2025","Grand Design","Influence","3704BH","112329","N/A","GSF2501","Fifth Wheel","Las Cruces NM","HWH RV","2024-10-21"
"2025","Keystone RV","Montana","389BH","112360","N/A","MF2525","Fifth Wheel","Willis TX","HWH RV","2024-10-21"
"2025","Keystone RV","Cougar","360MBI","112497","N/A","KCF2515","Fifth Wheel","Alvarado TX","HWH RV","2024-10-21"
"2025","Keystone RV","N/A","3900DBL","96845","N/A","SF2507","Fifth Wheel","Katy TX","HWH RV","2024-10-21"
"2024","Keystone RV","Montana","3857BR","133679","96995","MF2440","Fifth Wheel","Alvarado TX","HWH RV","2024-10-21"
"2025","Keystone RV","Cougar","360MBI","97243","N/A","KCF2514","Fifth Wheel","Alvarado TX","HWH RV","2024-10-21"
"2025","Keystone RV","Cougar","360MBI","97543","N/A","KCF2517","Fifth Wheel","Katy TX","HWH RV","2024-10-21"
"2025","Keystone RV","Cougar","316RLS","98603","N/A","KCF2522","Fifth Wheel","Katy TX","HWH RV","2024-10-21"
"2024","Grand Design","Solitude","370DV","130051","99995","GSF2457","Fifth Wheel","League City TX","HWH RV","2024-10-21"
"2024","Grand Design","Solitude","370DV","129924","99995","GSF2459","Fifth Wheel","Willis TX","HWH RV","2024-10-21"
"2024","Grand Design","Solitude","370DV","129751","99995","GSF2460","Fifth Wheel","Katy TX","HWH RV","2024-10-21"
"2024","Grand Design","Solitude","370DV","130782","99995","GSF2471","Fifth Wheel","Katy TX","HWH RV","2024-10-21"
"2024","Grand Design","Solitude","370DV","129636","99995","GSF2474","Fifth Wheel","Katy TX","HWH RV","2024-10-21"
"2024","Grand Design","Solitude","417KB","133513","99995","GSF2439","Fifth Wheel","Willis TX","HWH RV","2024-10-21"
"2024","Grand Design","Solitude","417KB","133995","99995","GSF2442","Fifth Wheel","League City TX","HWH RV","2024-10-21"
"2025","Keystone RV","Montana","385BR","113934","86995","MF2502","Fifth Wheel","Katy TX","HWH RV","2024-10-21"
"2025","Grand Design","Reflection","337RLS","87233","N/A","GRF2522","Fifth Wheel","Willis TX","HWH RV","2024-10-21"
"2025","Grand Design","Reflection","324MBS","87400","N/A","GRF2533","Fifth Wheel","Las Cruces NM","HWH RV","2024-10-21"
"2024","Keystone RV","Montana","3123RL","123541","87451","MF2455","Fifth Wheel","Katy TX","HWH RV","2024-10-21"
"2024","Keystone RV","Montana","3123RL","123055","87451","MF2461","Fifth Wheel","Mesquite TX","HWH RV","2024-10-21"
"2024","Grand Design","Influence","3704BH","108936","87995","GSF2441","Fifth Wheel","Katy TX","HWH RV","2024-10-21"
"2024","Keystone RV","Montana","3531RE","127199","89901","MF2441","Fifth Wheel","Alvarado TX","HWH RV","2024-10-21"
"2025","Keystone RV","Alpine","3303CK","139503","89995","KALF2502","Fifth Wheel","Alvarado TX","HWH RV","2024-10-21"
"2025","Keystone RV","Alpine","3303CK","129446","89995","KALF2503","Fifth Wheel","Katy TX","HWH RV","2024-10-21"
"2025","Keystone RV","Avalanche","390DS","120340","89995","KAVF2502","Fifth Wheel","Katy TX","HWH RV","2024-10-21"
"2025","Keystone RV","Avalanche","390DS","120340","89995","KAVF2503","Fifth Wheel","Katy TX","HWH RV","2024-10-21"
"2025","Keystone RV","Avalanche","390DS","117978","89995","KAVF2504","Fifth Wheel","Alvarado TX","HWH RV","2024-10-21"
"2025","Grand Design","Reflection","27BH","56323","N/A","GRF2515","Fifth Wheel","Willis TX","HWH RV","2024-10-21"
"2025","Grand Design","Reflection","27BH","57253","N/A","GRF2520","Fifth Wheel","League City TX","HWH RV","2024-10-21"
"2024","Keystone RV","Cougar","260MLE","84718","57997","KCF2423","Fifth Wheel","Willis TX","HWH RV","2024-10-21"
"2025","Grand Design","Reflection","28RL","59659","N/A","GRF2507","Fifth Wheel","Las Cruces NM","HWH RV","2024-10-21"
"2025","Keystone RV","Cougar","29RKS","76508","59995","KCF2504","Fifth Wheel","Katy TX","HWH RV","2024-10-21"
"2025","Keystone RV","Cougar","29RKS","76162","59995","KCF2506","Fifth Wheel","Alvarado TX","HWH RV","2024-10-21"
"2024","Keystone RV","Cougar","260MLE","81873","59997","KCF2409","Fifth Wheel","Katy TX","HWH RV","2024-10-21"
"2025","Grand Design","Reflection","28RL","60990","N/A","GRF2523","Fifth Wheel","Willis TX","HWH RV","2024-10-21"
"2025","Keystone RV","Cougar","23MLE","68464","N/A","KCF2521","Fifth Wheel","Willis TX","HWH RV","2024-10-21"
"2025","Keystone RV","Cougar","23MLE","68464","N/A","KCF2518","Fifth Wheel","Katy TX","HWH RV","2024-10-21"
"2023","Keystone RV","Avalanche","360FL","129954","68997","KAVF2305","Fifth Wheel","Katy TX","HWH RV","2024-10-21"
"2025","Keystone RV","Cougar","320RDS","92058","69995","KCF2503","Fifth Wheel","Katy TX","HWH RV","2024-10-21"
"2024","Keystone RV","Alpine","3303CK","128742","84995","KALF2414","Fifth Wheel","Mesquite TX","HWH RV","2024-10-21"
"2024","Keystone RV","Alpine","3303CK","129099","84995","KALF2416","Fifth Wheel","Willis TX","HWH RV","2024-10-21"
"2024","Keystone RV","Alpine","3303CK","138942","84995","KALF2418","Fifth Wheel","Katy TX","HWH RV","2024-10-21"
"2024","Keystone RV","Avalanche","390DS","117295","84995","KAVF2415","Fifth Wheel","Willis TX","HWH RV","2024-10-21"
"2024","Keystone RV","Avalanche","390DS","116794","84995","KAVF2418","Fifth Wheel","Mesquite TX","HWH RV","2024-10-21"
"2024","Keystone RV","Montana","377FL","112345","84995","MF2460","Fifth Wheel","Mesquite TX","HWH RV","2024-10-21"
"2024","Keystone RV","Montana","377FL","112831","84995","MF2454","Fifth Wheel","Katy TX","HWH RV","2024-10-21"
"2025","Grand Design","Reflection","337RLS","86201","N/A","GRF2532","Fifth Wheel","Las Cruces NM","HWH RV","2024-10-21"
"2025","Grand Design","Reflection","337RLS","86501","N/A","GRF2527","Fifth Wheel","League City TX","HWH RV","2024-10-21"
"2025","Grand Design","Reflection","324MBS","86700","N/A","GRF2525","Fifth Wheel","League City TX","HWH RV","2024-10-21"
"2025","Keystone RV","Cougar","260MLE","86874","N/A","KCF2501","Fifth Wheel","Alvarado TX","HWH RV","2024-10-21"
"2025","Keystone RV","Montana","385BR","113572","86995","MF2501","Fifth Wheel","Alvarado TX","HWH RV","2024-10-21"
"2025","Keystone RV","N/A","3900DBL","96786","79995","SF2510","Fifth Wheel","Willis TX","HWH RV","2024-10-21"
"2024","Keystone RV","Alpine","3011CK","128199","79997","KALF2405","Fifth Wheel","Alvarado TX","HWH RV","2024-10-21"
"2024","Keystone RV","Alpine","3011CK","121824","79997","KALF2408","Fifth Wheel","Katy TX","HWH RV","2024-10-21"
"2024","Keystone RV","Alpine","3011CK","121765","79997","KALF2410","Fifth Wheel","Willis TX","HWH RV","2024-10-21"
"2024","Keystone RV","Alpine","3011CK","121338","79997","KALF2411","Fifth Wheel","Mesquite TX","HWH RV","2024-10-21"
"2024","Grand Design","Influence","2903RL","100414","79999","GSF2452","Fifth Wheel","Las Cruces NM","HWH RV","2024-10-21"
"2024","Grand Design","Influence","2903RL","99524","79999","GSF2456","Fifth Wheel","League City TX","HWH RV","2024-10-21"
"2024","Grand Design","Solitude","2903RL","99214","79999","GSF2462","Fifth Wheel","Katy TX","HWH RV","2024-10-21"
"2025","Keystone RV","Cougar","320RDS","80196","N/A","KCF2510","Fifth Wheel","Alvarado TX","HWH RV","2024-10-21"
"2025","Grand Design","Reflection","303RLS","81143","N/A","GRF2526","Fifth Wheel","League City TX","HWH RV","2024-10-21"
"2024","Keystone RV","Montana","389BH","111483","82995","MF2459","Fifth Wheel","Mesquite TX","HWH RV","2024-10-21"
"2024","Keystone RV","Alpine","3303CK","131532","84995","KALF2406","Fifth Wheel","Alvarado TX","HWH RV","2024-10-21"
"2024","Keystone RV","Cougar","355FBS","96751","69997","KCF2413","Fifth Wheel","Katy TX","HWH RV","2024-10-21"
"2025","Grand Design","Reflection","260RD","71548","N/A","GRF2514","Fifth Wheel","Willis TX","HWH RV","2024-10-21"
"2025","Grand Design","Reflection","260RD","71666","N/A","GRF2517","Fifth Wheel","Willis TX","HWH RV","2024-10-21"
"2025","Grand Design","Reflection","260RD","71847","N/A","GRF2519","Fifth Wheel","League City TX","HWH RV","2024-10-21"
"2024","Keystone RV","Montana","311RD","97732","71995","MF2472","Fifth Wheel","Alvarado TX","HWH RV","2024-10-21"
"2024","Keystone RV","Montana","311RD","98035","71995","MF2481","Fifth Wheel","Willis TX","HWH RV","2024-10-21"
"2025","Grand Design","Reflection","260RD","72228","N/A","GRF2521","Fifth Wheel","Las Cruces NM","HWH RV","2024-10-21"
"2025","Grand Design","Reflection","270BN","72272","N/A","GRF2508","Fifth Wheel","Willis TX","HWH RV","2024-10-21"
"2025","Grand Design","Reflection","270BN","72952","N/A","GRF2512","Fifth Wheel","Las Cruces NM","HWH RV","2024-10-21"
"2024","Keystone RV","Montana","295RL","97666","72995","MF2489","Fifth Wheel","Alvarado TX","HWH RV","2024-10-21"
"2024","Keystone RV","Montana","295RL","99460","72995","MF2490","Fifth Wheel","Alvarado TX","HWH RV","2024-10-21"
"2024","Keystone RV","Alpine","321RL","103150","73995","KAVF2404","Fifth Wheel","Willis TX","HWH RV","2024-10-21"
"2025","Keystone RV","Alpine","338GK","112171","73995","KAVF2507","Fifth Wheel","Katy TX","HWH RV","2024-10-21"
"2025","Keystone RV","Avalanche","338GK","111809","73995","KAVF2508","Fifth Wheel","Alvarado TX","HWH RV","2024-10-21"
"2025","Keystone RV","Avalanche","338GK","111809","73995","KAVF2509","Fifth Wheel","Alvarado TX","HWH RV","2024-10-21"
"2024","Grand Design","Reflection","311BHS","94363","74995","GRF2442","Fifth Wheel","League City TX","HWH RV","2024-10-21"
"2024","Grand Design","Reflection","362TBS","94792","74995","GRF2443","Fifth Wheel","Las Cruces NM","HWH RV","2024-10-21"
"2025","Keystone RV","N/A","3810QBS","92958","74995","SF2502","Fifth Wheel","Mesquite TX","HWH RV","2024-10-21"
"2025","Keystone RV","N/A","3810QBS","93444","74995","SF2508","Fifth Wheel","Katy TX","HWH RV","2024-10-21"
"2025","Keystone RV","N/A","3810QBS","93385","74995","SF2511","Fifth Wheel","Willis TX","HWH RV","2024-10-21"
"2025","Keystone RV","N/A","3810QBS","93385","74995","SF2512","Fifth Wheel","Willis TX","HWH RV","2024-10-21"
"2025","Grand Design","Reflection","298BH","75499","N/A","GRF2513","Fifth Wheel","League City TX","HWH RV","2024-10-21"
"2025","Grand Design","Reflection","295RL","77026","N/A","GRF2509","Fifth Wheel","Katy TX","HWH RV","2024-10-21"
"2025","Keystone RV","Cougar","29RLI","77081","N/A","KCF2512","Fifth Wheel","Katy TX","HWH RV","2024-10-21"
"2025","Grand Design","Reflection","295RL","77919","N/A","GRF2505","Fifth Wheel","Las Cruces NM","HWH RV","2024-10-21"
"2024","Keystone RV","N/A","3900DBL","101917","77995","SF2403","Fifth Wheel","Mesquite TX","HWH RV","2024-10-21"
"2024","Keystone RV","N/A","3900DBL","96845","77995","SF2424","Fifth Wheel","Alvarado TX","HWH RV","2024-10-21"
"2024","Grand Design","Influence","3503GK","102945","79995","GSF2451","Fifth Wheel","Las Cruces NM","HWH RV","2024-10-21"
"2024","Keystone RV","Alpine","346FL","118039","79995","KAVF2413","Fifth Wheel","Alvarado TX","HWH RV","2024-10-21"
"2025","Keystone RV","Montana","331RL","104422","79995","MF2516","Fifth Wheel","Alvarado TX","HWH RV","2024-10-21"
"2025","Keystone RV","Montana","331RL","102954","79995","MF2505","Fifth Wheel","Katy TX","HWH RV","2024-10-21"
"2025","Keystone RV","N/A","3900DBL","96359","79995","SF2501","Fifth Wheel","Mesquite TX","HWH RV","2024-10-21"
"2025","Keystone RV","N/A","3900DBL","96483","79995","SF2503","Fifth Wheel","Alvarado TX","HWH RV","2024-10-21"
"2025","Keystone RV","N/A","3900DBL","96483","79995","SF2504","Fifth Wheel","Alvarado TX","HWH RV","2024-10-21"
"2025","Keystone RV","N/A","3900DBL","96845","79995","SF2506","Fifth Wheel","Katy TX","HWH RV","2024-10-21"
"2025","Keystone RV","N/A","3900DBL","96786","79995","SF2509","Fifth Wheel","Willis TX","HWH RV","2024-10-21"
"2024","Keystone RV","Cougar","29RLISE","72450","49995","KCF2480","Fifth Wheel","League City TX","HWH RV","2024-10-21"
"2024","Keystone RV","Cougar","29RLISE","72108","49995","KCF2489","Fifth Wheel","Alvarado TX","HWH RV","2024-10-21"
"2024","Keystone RV","Cougar","29RLISE","72108","49995","KCF2490","Fifth Wheel","Alvarado TX","HWH RV","2024-10-21"
"2024","Keystone RV","Cougar","29RLISE","71993","49995","KCF2495","Fifth Wheel","Mesquite TX","HWH RV","2024-10-21"
"2024","Keystone RV","Cougar","29RLISE","71993","49995","KCF2496","Fifth Wheel","Mesquite TX","HWH RV","2024-10-21"
"2024","Keystone RV","Cougar","29BHL","72905","49997","KCF2408","Fifth Wheel","Katy TX","HWH RV","2024-10-21"
"2024","Grand Design","Reflection","270BN","71254","51995","GRF2448","Fifth Wheel","League City TX","HWH RV","2024-10-21"
"2024","Grand Design","Reflection","270BN","71254","51995","GRF2457","Fifth Wheel","Katy TX","HWH RV","2024-10-21"
"2025","Grand Design","Reflection","22RK","54511","N/A","GRF2518","Fifth Wheel","Las Cruces NM","HWH RV","2024-10-21"
"2024","Keystone RV","Cougar","27SGS","72183","54995","KCF2428","Fifth Wheel","Mesquite TX","HWH RV","2024-10-21"
"2024","Keystone RV","Cougar","27SGS","72298","54995","KCF2441","Fifth Wheel","Alvarado TX","HWH RV","2024-10-21"
"2024","Keystone RV","Cougar","32BHS","78041","54997","KCF2417","Fifth Wheel","League City TX","HWH RV","2024-10-21"
"2024","Airstream RV","Flying Cloud","25FB","121775","104995","AFCT2408","Travel Trailer","Katy TX","HWH RV","2024-10-21"
"2025","Airstream RV","Flying Cloud","23FB","108400","N/A","AFCT2503","Travel Trailer","Katy TX","HWH RV","2024-10-21"
"2025","Airstream RV","N/A","23FB","121550","N/A","ASET2501","Travel Trailer","Katy TX","HWH RV","2024-10-21"
"2024","Airstream RV","Globetrotter","25FB","140175","124995","AGT2407","Travel Trailer","Katy TX","HWH RV","2024-10-21"
"2024","Airstream RV","Globetrotter","25FB","140175","124995","AGT2408","Travel Trailer","Katy TX","HWH RV","2024-10-21"
"2024","Airstream RV","International","Twin","140775","124995","ASET2402","Travel Trailer","Katy TX","HWH RV","2024-10-21"
"2025","Airstream RV","Flying Cloud","28RB","132100","N/A","AFCT2502","Travel Trailer","Katy TX","HWH RV","2024-10-21"
"2025","Airstream RV","Flying Cloud","30RB","137336","N/A","AFCT2504","Travel Trailer","Katy TX","HWH RV","2024-10-21"
"2025","Airstream RV","Flying Cloud","30FB","140150","N/A","AFCT2501","Travel Trailer","Katy TX","HWH RV","2024-10-21"
"2025","Airstream RV","Trade Wind","25FB","144150","N/A","ATWT2501","Travel Trailer","Katy TX","HWH RV","2024-10-21"
"2025","Airstream RV","Globetrotter","30RB","160517","N/A","AGT2501","Travel Trailer","Katy TX","HWH RV","2024-10-21"
"2024","Airstream RV","Classic","30RB","194500","169995","ACLT2404","Travel Trailer","Katy TX","HWH RV","2024-10-21"
"2025","Grand Design","Imagine","2600RB","53870","N/A","GIT2558","Travel Trailer","Las Cruces NM","HWH RV","2024-10-21"
"2025","Keystone RV","Cougar","22MLS","54049","N/A","KCT2510","Travel Trailer","Alvarado TX","HWH RV","2024-10-21"
"2025","Keystone RV","Cougar","22MLS","54340","N/A","KCT2511","Travel Trailer","Willis TX","HWH RV","2024-10-21"
"2025","Keystone RV","Cougar","22MLS","54395","N/A","KCT2509","Travel Trailer","Katy TX","HWH RV","2024-10-21"
"2025","Keystone RV","Cougar","22MLS","54395","N/A","KCT2516","Travel Trailer","Katy TX","HWH RV","2024-10-21"
"2024","Grand Design","Reflection","297RSTS","72370","54997","GRT2404","Travel Trailer","Willis TX","HWH RV","2024-10-21"
"2025","Grand Design","Imagine","2500RL","55302","N/A","GIT2550","Travel Trailer","Katy TX","HWH RV","2024-10-21"
"2025","Grand Design","Imagine","2500RL","55302","N/A","GIT2551","Travel Trailer","Katy TX","HWH RV","2024-10-21"
"2025","Keystone RV","Springdale","310BR","55712","N/A","SDT25103","Travel Trailer","Alvarado TX","HWH RV","2024-10-21"
"2025","Grand Design","Imagine","2500RL","55935","N/A","GIT2571","Travel Trailer","Las Cruces NM","HWH RV","2024-10-21"
"2025","Grand Design","Transcend","335BHT","56491","N/A","GTT2539","Travel Trailer","League City TX","HWH RV","2024-10-21"
"2025","Grand Design","Transcend","335BHT","56622","N/A","GTT2542","Travel Trailer","Las Cruces NM","HWH RV","2024-10-21"
"2025","Keystone RV","N/A","328RL","77495","59995","KOT2504","Travel Trailer","Alvarado TX","HWH RV","2024-10-21"
"2025","Keystone RV","N/A","328RL","77495","59995","KOT2505","Travel Trailer","Alvarado TX","HWH RV","2024-10-21"
"2025","Keystone RV","N/A","328RL","77841","59995","KOT2508","Travel Trailer","Katy TX","HWH RV","2024-10-21"
"2025","Keystone RV","N/A","328RL","77380","59995","KOT2511","Travel Trailer","Mesquite TX","HWH RV","2024-10-21"
"2025","Keystone RV","N/A","330RL","77786","59995","KOT2502","Travel Trailer","Willis TX","HWH RV","2024-10-21"
"2025","Keystone RV","N/A","330RL","77495","59995","KOT2506","Travel Trailer","Alvarado TX","HWH RV","2024-10-21"
"2025","Keystone RV","N/A","330RL","77841","59995","KOT2510","Travel Trailer","Katy TX","HWH RV","2024-10-21"
"2025","Keystone RV","N/A","330RL","77380","59995","KOT2512","Travel Trailer","Mesquite TX","HWH RV","2024-10-21"
"2025","Keystone RV","N/A","340BH","77285","59995","KOT2507","Travel Trailer","Alvarado TX","HWH RV","2024-10-21"
"2025","Keystone RV","N/A","340BH","77624","59995","KOT2509","Travel Trailer","Katy TX","HWH RV","2024-10-21"
"2024","Keystone RV","Bullet","287RLS","60581","N/A","KBT2523","Travel Trailer","Alvarado TX","HWH RV","2024-10-21"
"2025","Keystone RV","Bullet","287RLS","61054","N/A","KBT2524","Travel Trailer","Willis TX","HWH RV","2024-10-21"
"2025","Keystone RV","Springdale","241FK","50557","N/A","SDT25104","Travel Trailer","Willis TX","HWH RV","2024-10-21"
"2025","Keystone RV","Springdale","241FK","50612","N/A","SDT25105","Travel Trailer","Katy TX","HWH RV","2024-10-21"
"2025","Grand Design","Transcend","305BHT","50650","N/A","GTT2550","Travel Trailer","Katy TX","HWH RV","2024-10-21"
"2025","Grand Design","Imagine","25DBE","51091","N/A","GIT2539","Travel Trailer","Las Cruces NM","HWH RV","2024-10-21"
"2024","Grand Design","Imagine","2670MK","62136","51995","GIT24169","Travel Trailer","Las Cruces NM","HWH RV","2024-10-21"
"2025","Keystone RV","Bullet","330BKQ","64527","51995","KBT2513","Travel Trailer","Katy TX","HWH RV","2024-10-21"
"2025","Keystone RV","Bullet","330BKQ","64170","51995","KBT2516","Travel Trailer","Alvarado TX","HWH RV","2024-10-21"
"2025","Keystone RV","Bullet","330BKQ","64461","51995","KBT2520","Travel Trailer","Willis TX","HWH RV","2024-10-21"
"2024","Grand Design","Imagine","3210BH","68803","52995","GIT2447","Travel Trailer","Willis TX","HWH RV","2024-10-21"
"2024","Grand Design","Imagine","3210BH","69483","52995","GIT24133","Travel Trailer","League City TX","HWH RV","2024-10-21"
"2025","Grand Design","Imagine","2600RB","53190","N/A","GIT2517","Travel Trailer","Willis TX","HWH RV","2024-10-21"
"2025","Grand Design","Imagine","2600RB","53308","N/A","GIT2526","Travel Trailer","Katy TX","HWH RV","2024-10-21"
"2024","Grand Design","Reflection","312BHTS","82769","64995","GRT2420","Travel Trailer","League City TX","HWH RV","2024-10-21"
"2024","Grand Design","Reflection","312BHTS","82651","64995","GRT2421","Travel Trailer","Willis TX","HWH RV","2024-10-21"
"2024","Grand Design","Reflection","315RLTS","82325","64995","GRT2417","Travel Trailer","Katy TX","HWH RV","2024-10-21"
"2025","Airstream RV","Basecamp","20X","68450","N/A","ABCT2501","Travel Trailer","Katy TX","HWH RV","2024-10-21"
"2025","Airstream RV","Basecamp","20X","68450","N/A","ABCT2502","Travel Trailer","Katy TX","HWH RV","2024-10-21"
"2025","Airstream RV","Bambi","16RB","69000","N/A","ABT2502","Travel Trailer","Katy TX","HWH RV","2024-10-21"
"2025","Grand Design","Reflection","297RSTS","75570","N/A","GRT2505","Travel Trailer","League City TX","HWH RV","2024-10-21"
"2025","Airstream RV","Bambi","20FB","76100","N/A","ABT2501","Travel Trailer","Katy TX","HWH RV","2024-10-21"
"2025","Grand Design","Reflection","315RLTS","83816","N/A","GRT2504","Travel Trailer","League City TX","HWH RV","2024-10-21"
"2025","Grand Design","Reflection","315RLTS","84378","N/A","GRT2502","Travel Trailer","Las Cruces NM","HWH RV","2024-10-21"
"2025","Grand Design","Reflection","310MKTS","84569","N/A","GRT2503","Travel Trailer","Katy TX","HWH RV","2024-10-21"
"2025","Grand Design","Reflection","312BHTS","85525","N/A","GRT2501","Travel Trailer","Las Cruces NM","HWH RV","2024-10-21"
"2025","Grand Design","Imagine","2670MK","61219","N/A","GIT2549","Travel Trailer","League City TX","HWH RV","2024-10-21"
"2025","Grand Design","Imagine","2670MK","61290","N/A","GIT2548","Travel Trailer","League City TX","HWH RV","2024-10-21"
"2025","Grand Design","Imagine","2670MK","61383","N/A","GIT2570","Travel Trailer","Katy TX","HWH RV","2024-10-21"
"2025","Grand Design","Imagine","2920BS","61729","N/A","GIT2555","Travel Trailer","Katy TX","HWH RV","2024-10-21"
"2025","Grand Design","Imagine","2920BS","62291","N/A","GIT2556","Travel Trailer","Las Cruces NM","HWH RV","2024-10-21"
"2025","Grand Design","Imagine","2970RL","62993","N/A","GIT2535","Travel Trailer","League City TX","HWH RV","2024-10-21"
"2025","Grand Design","Imagine","2970RL","62993","N/A","GIT2532","Travel Trailer","Katy TX","HWH RV","2024-10-21"
"2025","Grand Design","Imagine","2970RL","63921","N/A","GIT2574","Travel Trailer","Las Cruces NM","HWH RV","2024-10-21"
"2025","Grand Design","Imagine","3100RD","64293","N/A","GIT2528","Travel Trailer","Willis TX","HWH RV","2024-10-21"
"2025","Grand Design","Imagine","3100RD","64411","N/A","GIT2513","Travel Trailer","Katy TX","HWH RV","2024-10-21"
"2025","Grand Design","Imagine","3100RD","64411","N/A","GIT2536","Travel Trailer","League City TX","HWH RV","2024-10-21"
"2024","Grand Design","Reflection","312BHTS","82769","64995","GRT2419","Travel Trailer","Katy TX","HWH RV","2024-10-21"
"2025","Grand Design","Imagine","2800BH","56716","N/A","GIT2567","Travel Trailer","League City TX","HWH RV","2024-10-21"
"2024","Grand Design","Reflection","296RDTS","72676","56995","GRT2413","Travel Trailer","Katy TX","HWH RV","2024-10-21"
"2024","Grand Design","Reflection","296RDTS","73238","56995","GRT2415","Travel Trailer","Las Cruces NM","HWH RV","2024-10-21"
"2025","Grand Design","Imagine","2800BH","57301","N/A","GIT2561","Travel Trailer","Willis TX","HWH RV","2024-10-21"
"2025","Grand Design","Imagine","2800BH","57301","N/A","GIT2566","Travel Trailer","Willis TX","HWH RV","2024-10-21"
"2025","Grand Design","Imagine","2800BH","57419","N/A","GIT2552","Travel Trailer","Katy TX","HWH RV","2024-10-21"
"2025","Grand Design","Imagine","2800BH","57419","N/A","GIT2553","Travel Trailer","Katy TX","HWH RV","2024-10-21"
"2025","Grand Design","Imagine","2800BH","57419","N/A","GIT2568","Travel Trailer","League City TX","HWH RV","2024-10-21"
"2025","Grand Design","Imagine","2800BH","57981","N/A","GIT2557","Travel Trailer","Las Cruces NM","HWH RV","2024-10-21"
"2025","Grand Design","Imagine","2800BH","57981","N/A","GIT2565","Travel Trailer","Las Cruces NM","HWH RV","2024-10-21"
"2024","Keystone RV","N/A","332ML","76543","57995","KOT2419","Travel Trailer","Katy TX","HWH RV","2024-10-21"
"2024","Keystone RV","N/A","332ML","77060","57995","KOT2426","Travel Trailer","Alvarado TX","HWH RV","2024-10-21"
"2025","Keystone RV","Hideout","22MLS","N/A","N/A","KHT2543","Travel Trailer","Las Cruces NM","HWH RV","2024-10-21"
"2025","Keystone RV","Hideout","22MLS","N/A","N/A","KHT2548","Travel Trailer","League City TX","HWH RV","2024-10-21"
"2025","Keystone RV","Hideout","175BH","N/A","14997","KHT2549","Travel Trailer","Willis TX","HWH RV","2024-10-21"
"2025","Keystone RV","Hideout","175BH","N/A","14997","KHT2550","Travel Trailer","Willis TX","HWH RV","2024-10-21"
"2025","Keystone RV","Hideout","175BH","N/A","14997","KHT2551","Travel Trailer","Willis TX","HWH RV","2024-10-21"
"2025","Keystone RV","Springdale","269DBC","44691","27497","SDT2529","Travel Trailer","Mesquite TX","HWH RV","2024-10-21"
"2025","Keystone RV","Classic","1700FQ","29154","N/A","SDT25114","Travel Trailer","Willis TX","HWH RV","2024-10-21"
"2025","Keystone RV","Classic","261BHC","42916","N/A","SDT25118","Travel Trailer","Willis TX","HWH RV","2024-10-21"
"2025","Grand Design","Transcend","335BHT","56415","N/A","GTT2546","Travel Trailer","Katy TX","HWH RV","2024-10-21"
"2025","Keystone RV","Cougar","29RLP","64412","N/A","KCT2519","Travel Trailer","Willis TX","HWH RV","2024-10-21"
"2025","Grand Design","Reflection","315RLTS","82906","N/A","GRT2506","Travel Trailer","Willis TX","HWH RV","2024-10-21"
"2024","Airstream RV","Trade Wind","25FB","142375","129995","ATWT2404","Travel Trailer","Katy TX","HWH RV","2024-10-21"
"2025","Grand Design","Imagine","23LDE","49201","N/A","GIT2542","Travel Trailer","Las Cruces NM","HWH RV","2024-10-21"
"2025","Grand Design","Imagine","23LDE","49201","N/A","GIT2544","Travel Trailer","Las Cruces NM","HWH RV","2024-10-21"
"2024","Grand Design","Imagine","2920BS","63206","49995","GIT24152","Travel Trailer","League City TX","HWH RV","2024-10-21"
"2024","Grand Design","Imagine","2970RL","63589","49995","GIT2495","Travel Trailer","Katy TX","HWH RV","2024-10-21"
"2024","Grand Design","Imagine","2970RL","63471","49995","GIT24122","Travel Trailer","Willis TX","HWH RV","2024-10-21"
"2024","Grand Design","Imagine","2970RL","63471","49995","GIT24131","Travel Trailer","Willis TX","HWH RV","2024-10-21"
"2025","Keystone RV","Passport","3300BK","62820","49995","KPT2515","Travel Trailer","Katy TX","HWH RV","2024-10-21"
"2025","Keystone RV","Passport","3300BK","62481","49995","KPT2516","Travel Trailer","Alvarado TX","HWH RV","2024-10-21"
"2025","Keystone RV","Springdale","241FK","50151","N/A","SDT25107","Travel Trailer","Mesquite TX","HWH RV","2024-10-21"
"2025","Grand Design","Transcend","295QBT","50212","N/A","GTT2551","Travel Trailer","Katy TX","HWH RV","2024-10-21"
"2025","Keystone RV","Springdale","241FK","50266","N/A","SDT25106","Travel Trailer","Alvarado TX","HWH RV","2024-10-21"
"2025","Grand Design","Imagine","25DBE","50529","N/A","GIT2527","Travel Trailer","Katy TX","HWH RV","2024-10-21"
"2025","Keystone RV","Bullet","290BHS","56754","44995","KBT2512","Travel Trailer","Mesquite TX","HWH RV","2024-10-21"
"2025","Keystone RV","Bullet","290BHS","56869","44995","KBT2518","Travel Trailer","Alvarado TX","HWH RV","2024-10-21"
"2025","Keystone RV","Bullet","290BHS","57215","44995","KBT2515","Travel Trailer","Katy TX","HWH RV","2024-10-21"
"2024","Keystone RV","Cougar","25MLE","60025","44995","KCT2427","Travel Trailer","Willis TX","HWH RV","2024-10-21"
"2024","Keystone RV","Cougar","25RDS","59765","44995","KCT2410","Travel Trailer","Mesquite TX","HWH RV","2024-10-21"
"2024","Keystone RV","Cougar","25RDS","59863","44995","KCT2429","Travel Trailer","Katy TX","HWH RV","2024-10-21"
"2025","Grand Design","Imagine","22RBE","45373","N/A","GIT2524","Travel Trailer","Las Cruces NM","HWH RV","2024-10-21"
"2025","Grand Design","Imagine","22BHE","45449","N/A","GIT2510","Travel Trailer","Katy TX","HWH RV","2024-10-21"
"2025","Grand Design","Imagine","22BHE","45449","N/A","GIT2519","Travel Trailer","League City TX","HWH RV","2024-10-21"
"2025","Grand Design","Imagine","17MKE","45493","N/A","GIT2559","Travel Trailer","Las Cruces NM","HWH RV","2024-10-21"
"2025","Grand Design","Imagine","17MKE","45557","N/A","GIT2560","Travel Trailer","Las Cruces NM","HWH RV","2024-10-21"
"2025","Grand Design","Transcend","265BHT","45637","N/A","GTT2555","Travel Trailer","Katy TX","HWH RV","2024-10-21"
"2024","Grand Design","Imagine","2660BS","57282","41995","GIT24124","Travel Trailer","Las Cruces NM","HWH RV","2024-10-21"
"2024","Grand Design","Imagine","2660BS","57282","41995","GIT24128","Travel Trailer","Las Cruces NM","HWH RV","2024-10-21"
"2024","Grand Design","Imagine","2660BS","56656","41995","GIT24170","Travel Trailer","Katy TX","HWH RV","2024-10-21"
"2024","Grand Design","Imagine","2660BS","56656","41995","GIT24171","Travel Trailer","Katy TX","HWH RV","2024-10-21"
"2024","Keystone RV","N/A","296URK","59589","41995","KOT2411","Travel Trailer","Alvarado TX","HWH RV","2024-10-21"
"2024","Keystone RV","N/A","296URK","59474","41995","KOT2413","Travel Trailer","Mesquite TX","HWH RV","2024-10-21"
"2025","Keystone RV","Hideout","22MLS","42239","N/A","KHT2575","Travel Trailer","League City TX","HWH RV","2024-10-21"
"2025","Keystone RV","Hideout","22MLS","42777","N/A","KHT2574","Travel Trailer","Las Cruces NM","HWH RV","2024-10-21"
"2025","Grand Design","Imagine","21BHE","42950","N/A","GIT2504","Travel Trailer","Willis TX","HWH RV","2024-10-21"
"2024","Grand Design","Imagine","2600RB","54941","42995","GIT2432","Travel Trailer","Willis TX","HWH RV","2024-10-21"
"2024","Grand Design","Imagine","2600RB","55359","42995","GIT2438","Travel Trailer","League City TX","HWH RV","2024-10-21"
"2025","Keystone RV","Bullet","260RBS","55165","42995","KBT2517","Travel Trailer","Alvarado TX","HWH RV","2024-10-21"
"2025","Grand Design","Transcend","245RLT","45686","N/A","GTT2537","Travel Trailer","League City TX","HWH RV","2024-10-21"
"2025","Grand Design","Imagine","22BHE","45890","N/A","GIT2525","Travel Trailer","Las Cruces NM","HWH RV","2024-10-21"
"2025","Grand Design","Imagine","22MLE","46055","N/A","GIT2521","Travel Trailer","League City TX","HWH RV","2024-10-21"
"2025","Grand Design","Imagine","22MLE","46055","N/A","GIT2531","Travel Trailer","Katy TX","HWH RV","2024-10-21"
"2025","Grand Design","Imagine","22MLE","46496","N/A","GIT2541","Travel Trailer","Las Cruces NM","HWH RV","2024-10-21"
"2025","Grand Design","Imagine","22MLE","46691","N/A","GIT2511","Travel Trailer","Katy TX","HWH RV","2024-10-21"
"2025","Grand Design","Imagine","22MLE","46960","N/A","GIT2538","Travel Trailer","Las Cruces NM","HWH RV","2024-10-21"
"2025","Grand Design","Imagine","22MLE","46960","N/A","GIT2540","Travel Trailer","Las Cruces NM","HWH RV","2024-10-21"
"2025","Grand Design","Transcend","265BHT","47292","N/A","GTT2529","Travel Trailer","League City TX","HWH RV","2024-10-21"
"2025","Grand Design","Transcend","265BHT","47292","N/A","GTT2530","Travel Trailer","League City TX","HWH RV","2024-10-21"
"2025","Grand Design","Transcend","265BHT","47854","N/A","GTT2541","Travel Trailer","Las Cruces NM","HWH RV","2024-10-21"
"2025","Keystone RV","Cougar","25FKD","61362","47995","KCT2508","Travel Trailer","Mesquite TX","HWH RV","2024-10-21"
"2025","Keystone RV","Cougar","25MLE","59289","47995","KCT2501","Travel Trailer","Katy TX","HWH RV","2024-10-21"
"2025","Keystone RV","Cougar","25MLE","58828","47995","KCT2507","Travel Trailer","Mesquite TX","HWH RV","2024-10-21"
"2025","Keystone RV","Cougar","25FKD","61474","47995","KCT2504","Travel Trailer","Alvarado TX","HWH RV","2024-10-21"
"2025","Keystone RV","Cougar","25FKD","61474","47995","KCT2505","Travel Trailer","Alvarado TX","HWH RV","2024-10-21"
"2025","Keystone RV","Cougar","25FKD","61765","47995","KCT2506","Travel Trailer","Willis TX","HWH RV","2024-10-21"
"2025","Keystone RV","Cougar","25MLE","58943","47995","KCT2503","Travel Trailer","Alvarado TX","HWH RV","2024-10-21"
"2025","Grand Design","Transcend","265BH","48185","N/A","GTT2544","Travel Trailer","Las Cruces NM","HWH RV","2024-10-21"
"2025","Grand Design","Imagine","23LDE","48520","N/A","GIT2545","Travel Trailer","Willis TX","HWH RV","2024-10-21"
"2025","Grand Design","Imagine","23LDE","48605","N/A","GIT2533","Travel Trailer","Katy TX","HWH RV","2024-10-21"
"2025","Grand Design","Imagine","23LDE","48639","N/A","GIT2529","Travel Trailer","Katy TX","HWH RV","2024-10-21"
"2025","Grand Design","Imagine","23LDE","48639","N/A","GIT2537","Travel Trailer","League City TX","HWH RV","2024-10-21"
"2024","Grand Design","Imagine","2670MK","62554","49134","GIT2455","Travel Trailer","Katy TX","HWH RV","2024-10-21"
"2025","Keystone RV","Bullet","260RBS","55511","42995","KBT2514","Travel Trailer","Katy TX","HWH RV","2024-10-21"
"2025","Keystone RV","Bullet","260RBS","55456","42995","KBT2521","Travel Trailer","Willis TX","HWH RV","2024-10-21"
"2025","Keystone RV","Hideout","22MLS","43027","N/A","KHT2530","Travel Trailer","Las Cruces NM","HWH RV","2024-10-21"
"2025","Grand Design","Imagine","21BHE","43052","N/A","GIT2518","Travel Trailer","League City TX","HWH RV","2024-10-21"
"2025","Grand Design","Imagine","21BHE","43052","N/A","GIT2530","Travel Trailer","Katy TX","HWH RV","2024-10-21"
"2025","Grand Design","Imagine","21BHE","43493","N/A","GIT2523","Travel Trailer","Las Cruces NM","HWH RV","2024-10-21"
"2025","Keystone RV","Springdale","269DBC","43763","N/A","SDT2532","Travel Trailer","Alvarado TX","HWH RV","2024-10-21"
"2024","Grand Design","Imagine","2500RL","55657","43995","GIT24159","Travel Trailer","League City TX","HWH RV","2024-10-21"
"2025","Grand Design","Imagine","22RBE","44830","N/A","GIT2503","Travel Trailer","Willis TX","HWH RV","2024-10-21"
"2025","Grand Design","Imagine","22RBE","44932","N/A","GIT2505","Travel Trailer","Katy TX","HWH RV","2024-10-21"
"2025","Grand Design","Imagine","17MKE","44984","N/A","GIT2508","Travel Trailer","League City TX","HWH RV","2024-10-21"
"2024","Grand Design","Imagine","2600RB","54935","44995","GIT24162","Travel Trailer","Las Cruces NM","HWH RV","2024-10-21"
"2024","Grand Design","Imagine","24BSE","50042","38995","GIT24118","Travel Trailer","League City TX","HWH RV","2024-10-21"
"2025","Grand Design","Imagine","16ML","39170","N/A","GIT2522","Travel Trailer","Las Cruces NM","HWH RV","2024-10-21"
"2024","Grand Design","Imagine","2660BS","55953","39995","GIT2442","Travel Trailer","Katy TX","HWH RV","2024-10-21"
"2024","Grand Design","Imagine","2660BS","56602","39995","GIT24108","Travel Trailer","Willis TX","HWH RV","2024-10-21"
"2024","Grand Design","Imagine","2660BS","56602","39995","GIT24109","Travel Trailer","Willis TX","HWH RV","2024-10-21"
"2024","Grand Design","Imagine","2660BS","56602","39995","GIT24130","Travel Trailer","Willis TX","HWH RV","2024-10-21"
"2024","Grand Design","Imagine","2660BS","56720","39995","GIT24139","Travel Trailer","League City TX","HWH RV","2024-10-21"
"2024","Keystone RV","Cougar","22MLS","54542","39995","KCT2409","Travel Trailer","Mesquite TX","HWH RV","2024-10-21"
"2024","Grand Design","Imagine","25DBE","50475","39999","GIT24110","Travel Trailer","Willis TX","HWH RV","2024-10-21"
"2024","Grand Design","Imagine","25DBE","50593","39999","GIT24119","Travel Trailer","League City TX","HWH RV","2024-10-21"
"2025","Keystone RV","Passport","189RB","40193","N/A","KPT2513","Travel Trailer","Mesquite TX","HWH RV","2024-10-21"
"2025","Unknown","N/A","BB16","40226","N/A","MBT2516","Travel Trailer","Alvarado TX","HWH RV","2024-10-21"
"2025","Grand Design","Transcend","26BHX","36724","N/A","GTT2540","Travel Trailer","Willis TX","HWH RV","2024-10-21"
"2025","Unknown","N/A","BB14","36776","N/A","MBT2508","Travel Trailer","Mesquite TX","HWH RV","2024-10-21"
"2025","Keystone RV","Springdale","260BHC","36846","N/A","SDT2585","Travel Trailer","Las Cruces NM","HWH RV","2024-10-21"
"2025","Grand Design","Transcend","22RBX","36976","N/A","GTT2528","Travel Trailer","League City TX","HWH RV","2024-10-21"
"2024","Keystone RV","Hideout","24LOF","50575","36997","KHT24103","Travel Trailer","Las Cruces NM","HWH RV","2024-10-21"
"2025","Grand Design","Transcend","26BHX","37079","N/A","GTT2548","Travel Trailer","Katy TX","HWH RV","2024-10-21"
"2025","Grand Design","Transcend","26BHX","37079","N/A","GTT2549","Travel Trailer","Katy TX","HWH RV","2024-10-21"
"2025","Grand Design","Transcend","22RBX","37473","N/A","GTT2545","Travel Trailer","Willis TX","HWH RV","2024-10-21"
"2025","Grand Design","Transcend","22RBX","37576","N/A","GTT2533","Travel Trailer","Las Cruces NM","HWH RV","2024-10-21"
"2025","Keystone RV","Hideout","31DBS","52056","37995","KHT2501","Travel Trailer","League City TX","HWH RV","2024-10-21"
"2025","Keystone RV","Hideout","31DBS","52060","37995","KHT2502","Travel Trailer","Katy TX","HWH RV","2024-10-21"
"2024","Grand Design","Imagine","24BSE","49924","38995","GIT24112","Travel Trailer","Willis TX","HWH RV","2024-10-21"
"2025","Keystone RV","Classic","1760BH","31923","N/A","SDT2586","Travel Trailer","Las Cruces NM","HWH RV","2024-10-21"
"2025","Keystone RV","Classic","1760BH","31923","N/A","SDT2587","Travel Trailer","Las Cruces NM","HWH RV","2024-10-21"
"2025","Keystone RV","Classic","1760BH","31923","N/A","SDT2588","Travel Trailer","Las Cruces NM","HWH RV","2024-10-21"
"2025","Keystone RV","Classic","1760BH","32398","N/A","SDT2593","Travel Trailer","League City TX","HWH RV","2024-10-21"
"2025","Keystone RV","Classic","1760BH","32729","N/A","SDT2580","Travel Trailer","Katy TX","HWH RV","2024-10-21"
"2024","Keystone RV","Bullet","2220ML","43716","32995","KBT2408","Travel Trailer","Mesquite TX","HWH RV","2024-10-21"
"2024","Keystone RV","Passport","2640BH","40060","32995","KPT2412","Travel Trailer","Alvarado TX","HWH RV","2024-10-21"
"2024","Keystone RV","Passport","2640BH","40351","32995","KPT2414","Travel Trailer","Alvarado TX","HWH RV","2024-10-21"
"2024","Keystone RV","Passport","264BH","40406","32995","KPT2411","Travel Trailer","League City TX","HWH RV","2024-10-21"
"2024","Keystone RV","Passport","2640BH","40406","32999","KPT2410","Travel Trailer","Katy TX","HWH RV","2024-10-21"
"2024","Keystone RV","Passport","264BH","39945","32999","KPT2415","Travel Trailer","Mesquite TX","HWH RV","2024-10-21"
"2025","Unknown","N/A","BB125","33839","N/A","MBT2528","Travel Trailer","League City TX","HWH RV","2024-10-21"
"2025","Keystone RV","Springdale","260BHC","35825","N/A","SDT2561","Travel Trailer","Mesquite TX","HWH RV","2024-10-21"
"2025","Keystone RV","Bullet","2840QB","43216","35995","KBT2504","Travel Trailer","Katy TX","HWH RV","2024-10-21"
"2025","Keystone RV","Bullet","2840QB","42892","35995","KBT2506","Travel Trailer","Mesquite TX","HWH RV","2024-10-21"
"2025","Keystone RV","Springdale","310DB","53747","35995","SDT2507","Travel Trailer","Katy TX","HWH RV","2024-10-21"
"2025","Keystone RV","Springdale","310DB","53401","35995","SDT2512","Travel Trailer","Alvarado TX","HWH RV","2024-10-21"
"2025","Keystone RV","Springdale","310DB","53401","35995","SDT2513","Travel Trailer","Alvarado TX","HWH RV","2024-10-21"
"2025","Keystone RV","Springdale","310DB","53286","35995","SDT2518","Travel Trailer","Mesquite TX","HWH RV","2024-10-21"
"2025","Keystone RV","Springdale","310DB","53313","35995","SDT2519","Travel Trailer","Mesquite TX","HWH RV","2024-10-21"
"2025","Keystone RV","Passport","224RK","36168","N/A","KPT2507","Travel Trailer","Mesquite TX","HWH RV","2024-10-21"
"2025","Keystone RV","Classic","1810BH","36346","N/A","SDT2584","Travel Trailer","Las Cruces NM","HWH RV","2024-10-21"
"2025","Keystone RV","Classic","260BHC","36413","N/A","SDT25116","Travel Trailer","Willis TX","HWH RV","2024-10-21"
"2025","Keystone RV","Classic","224RK","36476","N/A","KPT2508","Travel Trailer","Katy TX","HWH RV","2024-10-21"
"2024","Keystone RV","Classic","1760BH","31216","N/A","SDT2556","Travel Trailer","Alvarado TX","HWH RV","2024-10-21"
"2025","Grand Design","Transcend","24BHX","31239","N/A","GTT2538","Travel Trailer","League City TX","HWH RV","2024-10-21"
"2025","Grand Design","Transcend","24BHX","31239","N/A","GTT2535","Travel Trailer","Katy TX","HWH RV","2024-10-21"
"2025","Keystone RV","Classic","1760BH","31350","N/A","SDT2599","Travel Trailer","Willis TX","HWH RV","2024-10-21"
"2025","Keystone RV","Classic","1760BH","31409","N/A","SDT25100","Travel Trailer","Willis TX","HWH RV","2024-10-21"
"2025","Keystone RV","Classic","1760BH","31409","N/A","SDT25101","Travel Trailer","Willis TX","HWH RV","2024-10-21"
"2025","Keystone RV","Classic","1760BH","31443","N/A","SDT2578","Travel Trailer","Katy TX","HWH RV","2024-10-21"
"2025","Keystone RV","Classic","1760BH","31479","N/A","SDT2592","Travel Trailer","League City TX","HWH RV","2024-10-21"
"2025","Keystone RV","Classic","1760BH","31479","N/A","SDT2594","Travel Trailer","League City TX","HWH RV","2024-10-21"
"2025","Keystone RV","Classic","1760BH","31482","N/A","SDT2579","Travel Trailer","Katy TX","HWH RV","2024-10-21"
"2025","Keystone RV","Classic","1760BH","31753","N/A","SDT25102","Travel Trailer","Alvarado TX","HWH RV","2024-10-21"
"2025","Grand Design","Transcend","24BHX","31801","N/A","GTT2543","Travel Trailer","Las Cruces NM","HWH RV","2024-10-21"
"2025","Keystone RV","Passport","189RB","40390","N/A","KPT2514","Travel Trailer","Alvarado TX","HWH RV","2024-10-21"
"2025","Keystone RV","Passport","189RB","40501","N/A","KPT2512","Travel Trailer","Katy TX","HWH RV","2024-10-21"
"2025","Keystone RV","Hideout","261BH","40956","N/A","KHT2561","Travel Trailer","Willis TX","HWH RV","2024-10-21"
"2024","Grand Design","Imagine","24BSE","50540","40995","GIT24168","Travel Trailer","Las Cruces NM","HWH RV","2024-10-21"
"2025","Keystone RV","Hideout","261BH","41007","N/A","KHT2556","Travel Trailer","League City TX","HWH RV","2024-10-21"
"2025","Keystone RV","Hideout","261BH","41011","N/A","KHT2559","Travel Trailer","Katy TX","HWH RV","2024-10-21"
"2025","Grand Design","Imagine","14MS","41299","N/A","GIT2509","Travel Trailer","Katy TX","HWH RV","2024-10-21"
"2025","Keystone RV","Hideout","261BH","41338","N/A","KHT2560","Travel Trailer","Katy TX","HWH RV","2024-10-21"
"2025","Keystone RV","Hideout","261BH","41505","N/A","KHT2552","Travel Trailer","Las Cruces NM","HWH RV","2024-10-21"
"2025","Keystone RV","Hideout","261BH","41505","N/A","KHT2553","Travel Trailer","Las Cruces NM","HWH RV","2024-10-21"
"2025","Keystone RV","Hideout","261BH","41545","N/A","KHT2554","Travel Trailer","Las Cruces NM","HWH RV","2024-10-21"
"2025","Keystone RV","Hideout","261BH","41547","N/A","KHT2555","Travel Trailer","Las Cruces NM","HWH RV","2024-10-21"
"2024","Keystone RV","Bullet","2640BH","41391","33995","KBT2421","Travel Trailer","Alvarado TX","HWH RV","2024-10-21"
"2024","Keystone RV","Bullet","2640BH","41398","33995","KBT2422","Travel Trailer","Alvarado TX","HWH RV","2024-10-21"
"2024","Keystone RV","Bullet","2640BH","41276","33995","KBT2424","Travel Trailer","Mesquite TX","HWH RV","2024-10-21"
"2024","Keystone RV","Bullet","2640BH","41737","33995","KBT2420","Travel Trailer","Katy TX","HWH RV","2024-10-21"
"2024","Keystone RV","Bullet","2640BH","41682","33995","KBT2423","Travel Trailer","Willis TX","HWH RV","2024-10-21"
"2024","Keystone RV","Passport","2840QB","41806","33995","KPT2416","Travel Trailer","Katy TX","HWH RV","2024-10-21"
"2025","Keystone RV","Passport","284QB","41373","33995","KPT2505","Travel Trailer","Mesquite TX","HWH RV","2024-10-21"
"2025","Keystone RV","Passport","284QB","41373","33995","KPT2506","Travel Trailer","Mesquite TX","HWH RV","2024-10-21"
"2025","Keystone RV","Passport","284QB","41837","33995","KPT2509","Travel Trailer","Katy TX","HWH RV","2024-10-21"
"2025","Keystone RV","Classic","284QB","41779","33995","KPT2510","Travel Trailer","Willis TX","HWH RV","2024-10-21"
"2025","Grand Design","Transcend","20MKX","34736","N/A","GTT2536","Travel Trailer","Katy TX","HWH RV","2024-10-21"
"2025","Unknown","N/A","BB125","34864","N/A","MBT2507","Travel Trailer","Mesquite TX","HWH RV","2024-10-21"
"2025","Unknown","N/A","BB125","34864","N/A","MBT2515","Travel Trailer","Alvarado TX","HWH RV","2024-10-21"
"2024","Grand Design","Imagine","22RBE","44996","34995","GIT2486","Travel Trailer","League City TX","HWH RV","2024-10-21"
"2024","Keystone RV","Hideout","24LOF","50081","34997","KHT24101","Travel Trailer","Katy TX","HWH RV","2024-10-21"
"2024","Keystone RV","Hideout","24LOF","50077","34997","KHT24105","Travel Trailer","League City TX","HWH RV","2024-10-21"
"2024","Keystone RV","Hideout","24LOF","50026","34997","KHT24107","Travel Trailer","Willis TX","HWH RV","2024-10-21"
"2024","Keystone RV","Hideout","24LOF","50026","34997","KHT24108","Travel Trailer","Willis TX","HWH RV","2024-10-21"
"2024","Keystone RV","Springdale","245ML","51362","34997","SDT24111","Travel Trailer","Alvarado TX","HWH RV","2024-10-21"
"2024","Keystone RV","Springdale","245ML","51510","34997","SDT24113","Travel Trailer","Mesquite TX","HWH RV","2024-10-21"
"2024","Keystone RV","Springdale","310DB","48430","34997","SDT2455","Travel Trailer","Alvarado TX","HWH RV","2024-10-21"
"2025","Keystone RV","Springdale","1810BH","35100","N/A","SDT2568","Travel Trailer","Mesquite TX","HWH RV","2024-10-21"
"2025","Keystone RV","Classic","1810BH","35469","N/A","SDT2598","Travel Trailer","Willis TX","HWH RV","2024-10-21"
"2025","Keystone RV","Springdale","260BHC","35825","N/A","SDT2560","Travel Trailer","Mesquite TX","HWH RV","2024-10-21"
"2025","Keystone RV","Hideout","22MLS","42150","26995","KHT2533","Travel Trailer","Willis TX","HWH RV","2024-10-21"
"2025","Unknown","N/A","BB125","35068","26995","MBT2502","Travel Trailer","Las Cruces NM","HWH RV","2024-10-21"
"2025","Keystone RV","Hideout","261BH","41011","26997","KHT2505","Travel Trailer","League City TX","HWH RV","2024-10-21"
"2025","Keystone RV","Hideout","269DB","41736","26997","KHT2526","Travel Trailer","Katy TX","HWH RV","2024-10-21"
"2025","Keystone RV","Springdale","261BHC","44056","26997","SDT2530","Travel Trailer","Alvarado TX","HWH RV","2024-10-21"
"2025","Keystone RV","Springdale","269DBC","44236","27497","SDT2510","Travel Trailer","Alvarado TX","HWH RV","2024-10-21"
"2025","Keystone RV","Springdale","269DBC","44236","27497","SDT2511","Travel Trailer","Alvarado TX","HWH RV","2024-10-21"
"2025","Keystone RV","Springdale","269DBC","44236","27497","SDT2525","Travel Trailer","Alvarado TX","HWH RV","2024-10-21"
"2025","Keystone RV","Springdale","269DBC","44236","27497","SDT2526","Travel Trailer","Alvarado TX","HWH RV","2024-10-21"
"2025","Keystone RV","Springdale","269DBC","44121","27497","SDT2527","Travel Trailer","Mesquite TX","HWH RV","2024-10-21"
"2025","Keystone RV","Springdale","269DBC","44121","27497","SDT2528","Travel Trailer","Mesquite TX","HWH RV","2024-10-21"
"2025","Keystone RV","Springdale","269DBC","44582","27497","SDT2533","Travel Trailer","Katy TX","HWH RV","2024-10-21"
"2025","Keystone RV","Springdale","269DBC","45076","29997","SDT2543","Travel Trailer","Las Cruces NM","HWH RV","2024-10-21"
"2024","Grand Design","Imagine","16BL","37650","30995","GIT24126","Travel Trailer","Las Cruces NM","HWH RV","2024-10-21"
"2024","Grand Design","Imagine","16BL","37775","30995","GIT24165","Travel Trailer","Las Cruces NM","HWH RV","2024-10-21"
"2025","Keystone RV","Bullet","2240RK","37981","30995","KBT2507","Travel Trailer","Katy TX","HWH RV","2024-10-21"
"2025","Keystone RV","Bullet","2240RK","37657","30995","KBT2509","Travel Trailer","Mesquite TX","HWH RV","2024-10-21"
"2025","Keystone RV","Bullet","2240RK","37635","30995","KBT2510","Travel Trailer","Alvarado TX","HWH RV","2024-10-21"
"2025","Keystone RV","Bullet","2240RK","37635","30995","KBT2511","Travel Trailer","Alvarado TX","HWH RV","2024-10-21"
"2025","Keystone RV","Bullet","2240RK","37926","30995","KBT2508","Travel Trailer","Willis TX","HWH RV","2024-10-21"
"2025","Keystone RV","Springdale","1760BH","31153","N/A","SDT2564","Travel Trailer","Mesquite TX","HWH RV","2024-10-21"
"2025","Keystone RV","Springdale","1760BH","31154","N/A","SDT2562","Travel Trailer","Mesquite TX","HWH RV","2024-10-21"
"2025","Keystone RV","Springdale","1760BH","31154","N/A","SDT2563","Travel Trailer","Mesquite TX","HWH RV","2024-10-21"
"2025","Keystone RV","Classic","1760BH","31183","N/A","SDT2555","Travel Trailer","Alvarado TX","HWH RV","2024-10-21"
"2025","Unknown","N/A","12LRK","28600","N/A","MBT2506","Travel Trailer","Mesquite TX","HWH RV","2024-10-21"
"2024","Grand Design","Imagine","16BL","37232","28995","GIT24111","Travel Trailer","Willis TX","HWH RV","2024-10-21"
"2025","Unknown","N/A","BB14","37251","28995","MBT2501","Travel Trailer","Las Cruces NM","HWH RV","2024-10-21"
"2025","Keystone RV","Hideout","269DB","42270","28997","KHT2529","Travel Trailer","Las Cruces NM","HWH RV","2024-10-21"
"2025","Unknown","N/A","12LRK","29276","N/A","MBT2514","Travel Trailer","Alvarado TX","HWH RV","2024-10-21"
"2024","Grand Design","Imagine","14MS","37280","29995","GIT24166","Travel Trailer","Las Cruces NM","HWH RV","2024-10-21"
"2024","Grand Design","Imagine","18BH","39032","29995","GIT2450","Travel Trailer","Willis TX","HWH RV","2024-10-21"
"2025","Keystone RV","Bullet","1840RB","35779","29995","KBT2501","Travel Trailer","Mesquite TX","HWH RV","2024-10-21"
"2025","Keystone RV","Bullet","1840RB","35879","29995","KBT2502","Travel Trailer","Alvarado TX","HWH RV","2024-10-21"
"2025","Keystone RV","Bullet","1840RB","36195","29995","KBT2503","Travel Trailer","Katy TX","HWH RV","2024-10-21"
"2025","Keystone RV","Hideout","24RBS","44585","29995","KHT2523","Travel Trailer","Katy TX","HWH RV","2024-10-21"
"2025","Keystone RV","Classic","224RK","36537","29995","KPT2511","Travel Trailer","Willis TX","HWH RV","2024-10-21"
"2025","Grand Design","Transcend","151BH","21973","15995","GTT2510","Travel Trailer","Katy TX","HWH RV","2024-10-21"
"2025","Grand Design","Transcend","151BH","22963","15995","GTT2514","Travel Trailer","Willis TX","HWH RV","2024-10-21"
"2025","Grand Design","Transcend","151RB","23323","16995","GTT2505","Travel Trailer","League City TX","HWH RV","2024-10-21"
"2025","Grand Design","Transcend","151BH","22190","16995","GTT2516","Travel Trailer","Las Cruces NM","HWH RV","2024-10-21"
"2025","Grand Design","Transcend","151RB","23323","16995","GTT2506","Travel Trailer","League City TX","HWH RV","2024-10-21"
"2025","Grand Design","Transcend","151RB","23254","16995","GTT2507","Travel Trailer","Katy TX","HWH RV","2024-10-21"
"2025","Grand Design","Transcend","151RB","23323","16995","GTT2517","Travel Trailer","Katy TX","HWH RV","2024-10-21"
"2025","Grand Design","Transcend","151RB","23323","16995","GTT2518","Travel Trailer","Katy TX","HWH RV","2024-10-21"
"2025","Grand Design","Transcend","151RB","23254","16995","GTT2521","Travel Trailer","Willis TX","HWH RV","2024-10-21"
"2025","Grand Design","Transcend","151RB","23254","16995","GTT2522","Travel Trailer","Willis TX","HWH RV","2024-10-21"
"2025","Keystone RV","Hideout","175BH","N/A","16997","KHT2540","Travel Trailer","Las Cruces NM","HWH RV","2024-10-21"
"2025","Keystone RV","Hideout","175BH","N/A","16997","KHT2541","Travel Trailer","Las Cruces NM","HWH RV","2024-10-21"
"2025","Keystone RV","Springdale","269DBC","44109","27497","SDT2535","Travel Trailer","Katy TX","HWH RV","2024-10-21"
"2025","Keystone RV","Springdale","269DBC","43636","27497","SDT2536","Travel Trailer","Katy TX","HWH RV","2024-10-21"
"2025","Keystone RV","Springdale","269DBC","43484","27497","SDT2547","Travel Trailer","Willis TX","HWH RV","2024-10-21"
"2025","Keystone RV","Springdale","269DBC","43290","27497","SDT2531","Travel Trailer","Alvarado TX","HWH RV","2024-10-21"
"2025","Keystone RV","Springdale","269DBC","44054","27497","SDT2545","Travel Trailer","Willis TX","HWH RV","2024-10-21"
"2025","Unknown","N/A","12LRK","27763","N/A","MBT2527","Travel Trailer","League City TX","HWH RV","2024-10-21"
"2024","Grand Design","Imagine","14MS","37337","27995","GIT24141","Travel Trailer","Las Cruces NM","HWH RV","2024-10-21"
"2025","Keystone RV","Passport","184RB","34728","27995","KPT2501","Travel Trailer","Alvarado TX","HWH RV","2024-10-21"
"2025","Keystone RV","Passport","184RB","34728","27995","KPT2503","Travel Trailer","Alvarado TX","HWH RV","2024-10-21"
"2025","Keystone RV","Classic","184RB","34997","27995","KPT2502","Travel Trailer","Willis TX","HWH RV","2024-10-21"
"2025","Unknown","N/A","10RK","28376","N/A","MBT2513","Travel Trailer","Alvarado TX","HWH RV","2024-10-21"
"2025","Keystone RV","Springdale","269DBC","44164","28497","SDT2538","Travel Trailer","Las Cruces NM","HWH RV","2024-10-21"
"2025","Keystone RV","Classic","1800BH","28043","14997","SDT2570","Travel Trailer","Katy TX","HWH RV","2024-10-21"
"2025","Keystone RV","Classic","1800BH","28024","14997","SDT2571","Travel Trailer","Katy TX","HWH RV","2024-10-21"
"2025","Keystone RV","Classic","1800BH","29027","14997","SDT2572","Travel Trailer","Katy TX","HWH RV","2024-10-21"
"2025","Keystone RV","Classic","1800BH","28118","14997","SDT2574","Travel Trailer","Katy TX","HWH RV","2024-10-21"
"2025","Keystone RV","Classic","1800BH","28948","14997","SDT2590","Travel Trailer","League City TX","HWH RV","2024-10-21"
"2025","Keystone RV","Classic","1800BH","28972","14997","SDT2595","Travel Trailer","Willis TX","HWH RV","2024-10-21"
"2025","Keystone RV","Classic","1800BH","28074","14997","SDT2596","Travel Trailer","Willis TX","HWH RV","2024-10-21"
"2025","Keystone RV","Classic","1800BH","27999","14997","SDT2597","Travel Trailer","Willis TX","HWH RV","2024-10-21"
"2025","Keystone RV","Classic","1800BH","29023","14997","SDT2589","Travel Trailer","League City TX","HWH RV","2024-10-21"
"2024","Keystone RV","Classic","1800BH","27869","14997","SDT2552","Travel Trailer","Alvarado TX","HWH RV","2024-10-21"
"2025","Grand Design","Transcend","151BH","21973","15995","GTT2512","Travel Trailer","League City TX","HWH RV","2024-10-21"
"2025","Grand Design","Transcend","151BH","22963","15995","GTT2503","Travel Trailer","Willis TX","HWH RV","2024-10-21"
"2025","Keystone RV","Hideout","175BH","N/A","16997","KHT2542","Travel Trailer","Las Cruces NM","HWH RV","2024-10-21"
"2025","Keystone RV","Hideout","175BH","27611","16997","KHT2569","Travel Trailer","Las Cruces NM","HWH RV","2024-10-21"
"2025","Keystone RV","Hideout","175BH","27612","16997","KHT2570","Travel Trailer","Las Cruces NM","HWH RV","2024-10-21"
"2025","Keystone RV","Hideout","178RB","27634","16997","KHT2539","Travel Trailer","Las Cruces NM","HWH RV","2024-10-21"
"2025","Keystone RV","Classic","1800BH","28570","16997","SDT2581","Travel Trailer","Las Cruces NM","HWH RV","2024-10-21"
"2025","Keystone RV","Classic","1800BH","29083","16997","SDT2582","Travel Trailer","Las Cruces NM","HWH RV","2024-10-21"
"2025","Keystone RV","Classic","1800BH","28495","16997","SDT2583","Travel Trailer","Las Cruces NM","HWH RV","2024-10-21"
"2025","Grand Design","Transcend","151RB","23540","17995","GTT2523","Travel Trailer","Las Cruces NM","HWH RV","2024-10-21"
"2025","Grand Design","Transcend","151RB","23540","17995","GTT2524","Travel Trailer","Las Cruces NM","HWH RV","2024-10-21"
"2024","Keystone RV","Classic","1750RD","26447","17997","SDT2462","Travel Trailer","Alvarado TX","HWH RV","2024-10-21"
"2024","Keystone RV","Springdale","260BH","31891","19495","SDT2492","Travel Trailer","Alvarado TX","HWH RV","2024-10-21"
"2025","Keystone RV","Hideout","240BH","35182","19995","KHT2511","Travel Trailer","Katy TX","HWH RV","2024-10-21"
"2025","Keystone RV","Springdale","260BHC","35940","19995","SDT2515","Travel Trailer","Alvarado TX","HWH RV","2024-10-21"
"2024","Keystone RV","Classic","1790FQ","28870","19995","SDT2488","Travel Trailer","Alvarado TX","HWH RV","2024-10-21"
"2024","Keystone RV","Classic","1790FQ","28772","19995","SDT2489","Travel Trailer","Alvarado TX","HWH RV","2024-10-21"
"2024","Keystone RV","Classic","2010BH","26934","19995","SDT2493","Travel Trailer","Alvarado TX","HWH RV","2024-10-21"
"2024","Keystone RV","Classic","2010BH","28533","19995","SDT2497","Travel Trailer","Katy TX","HWH RV","2024-10-21"
"2024","Keystone RV","Classic","1760BH","28480","19997","SDT2463","Travel Trailer","Alvarado TX","HWH RV","2024-10-21"
"2024","Keystone RV","Classic","1790FQ","29584","20995","SDT24103","Travel Trailer","Las Cruces NM","HWH RV","2024-10-21"
"2025","Unknown","N/A","10RK","28101","20995","MBT2504","Travel Trailer","Las Cruces NM","HWH RV","2024-10-21"
"2024","Keystone RV","Hideout","201BH","28002","20997","KHT2486","Travel Trailer","Las Cruces NM","HWH RV","2024-10-21"
"2024","Keystone RV","Classic","1860SS","31314","21995","SDT2485","Travel Trailer","Willis TX","HWH RV","2024-10-21"
"2025","Unknown","N/A","10RK","26601","N/A","MBT2526","Travel Trailer","League City TX","HWH RV","2024-10-21"
"2025","Keystone RV","Hideout","22MLS","42533","26995","KHT2527","Travel Trailer","Katy TX","HWH RV","2024-10-21"
"2024","Keystone RV","Hideout","175BH","N/A","14997","KHT2545","Travel Trailer","League City TX","HWH RV","2024-10-21"
"2025","Keystone RV","Hideout","178RB","28087","14997","KHT2544","Travel Trailer","League City TX","HWH RV","2024-10-21"
"2025","Keystone RV","Springdale","1800BH","27775","14997","SDT2566","Travel Trailer","Mesquite TX","HWH RV","2024-10-21"
"2025","Keystone RV","Springdale","1800BH","27775","14997","SDT2567","Travel Trailer","Mesquite TX","HWH RV","2024-10-21"
"2025","Keystone RV","Classic","1700FQ","27737","14997","SDT2558","Travel Trailer","Alvarado TX","HWH RV","2024-10-21"
"2025","Keystone RV","Classic","1700FQ","27933","14997","SDT2575","Travel Trailer","Katy TX","HWH RV","2024-10-21"
"2025","Keystone RV","Classic","1700FQ","27970","14997","SDT2576","Travel Trailer","Katy TX","HWH RV","2024-10-21"
"2025","Keystone RV","Classic","1700FQ","27933","14997","SDT2577","Travel Trailer","Katy TX","HWH RV","2024-10-21"
"2024","Keystone RV","Classic","1700FQ","27737","14997","SDT2559","Travel Trailer","Alvarado TX","HWH RV","2024-10-21"
"2025","Keystone RV","Classic","1800BH","27812","14997","SDT2553","Travel Trailer","Alvarado TX","HWH RV","2024-10-21"
"2025","Keystone RV","Classic","1800BH","27794","14997","SDT2554","Travel Trailer","Alvarado TX","HWH RV","2024-10-21"
"2025","Keystone RV","Classic","1800BH","28032","14997","SDT2569","Travel Trailer","Katy TX","HWH RV","2024-10-21"
